Gender,Married,Dependents,Education,Self_Employed,ApplicantIncome,CoapplicantIncome,LoanAmount,Loan_Amount_Term,Credit_History,Property_Area,Loan_Status,Total_Income,Log_Loan_Amount,EMI,EMI_to_Income_Ratio
Male,No,0,Graduate,No,5849,0.0,128.0,360.0,1.0,Urban,Y,5849.0,4.859812404361672,0.35555545679015094,0.0007294690726823259
Male,Yes,1,Graduate,No,4583,1508.0,128.0,360.0,1.0,Rural,N,6091.0,4.859812404361672,0.35555545679015094,0.0007004867248231394
Male,Yes,0,Graduate,Yes,3000,0.0,66.0,360.0,1.0,Urban,Y,3000.0,4.204692619390966,0.18333328240742156,0.0007333328362965517
Male,Yes,0,Not Graduate,No,2583,2358.0,120.0,360.0,1.0,Urban,Y,4941.0,4.795790545596741,0.3333332407407665,0.000809552300632754
Male,No,0,Graduate,No,6000,0.0,141.0,360.0,1.0,Urban,Y,6000.0,4.955827057601261,0.3916665578704006,0.0007833329590742095
Male,Yes,2,Graduate,Yes,5417,4196.0,267.0,360.0,1.0,Urban,Y,9613.0,5.5909869805108565,0.7416664606482054,0.0009258292329952549
Male,Yes,0,Not Graduate,No,2333,1516.0,95.0,360.0,1.0,Urban,Y,3849.0,4.564348191467836,0.2638888155864401,0.0008227240321559998
Male,Yes,3+,Graduate,No,3036,2504.0,158.0,360.0,0.0,Semiurban,N,5540.0,5.0689042022202315,0.4388887669753425,0.0009506613831968322
Male,Yes,2,Graduate,No,4006,1526.0,168.0,360.0,1.0,Urban,Y,5532.0,5.1298987149230735,0.46666653703707306,0.0010122916178045799
Male,Yes,1,Graduate,No,12841,10968.0,349.0,360.0,1.0,Semiurban,N,23809.0,5.857933154483459,0.9694441751543958,0.0004886105890848017
Male,Yes,2,Graduate,No,3200,700.0,70.0,360.0,1.0,Urban,Y,3900.0,4.2626798770413155,0.19444439043211378,0.0005982902480095047
Male,Yes,2,Graduate,No,2500,1840.0,109.0,360.0,1.0,Urban,Y,4340.0,4.700480365792417,0.3027776936728629,0.0008371731150844739
Male,Yes,2,Graduate,No,3073,8106.0,200.0,360.0,1.0,Urban,Y,11179.0,5.303304908059076,0.5555554012346108,0.000596356033561865
Male,No,0,Graduate,No,1853,2840.0,114.0,360.0,1.0,Rural,N,4693.0,4.74493212836325,0.31666657870372816,0.0008097161672246618
Male,Yes,2,Graduate,No,1299,1086.0,17.0,120.0,1.0,Urban,Y,2385.0,2.8903717578961645,0.14166654861120948,0.0007127873073332264
Male,No,0,Graduate,No,4950,0.0,125.0,360.0,1.0,Urban,Y,4950.0,4.836281906951478,0.34722212577163175,0.0008417504038705245
Male,No,1,Not Graduate,No,3596,0.0,100.0,240.0,1.0,Urban,Y,3596.0,4.61512051684126,0.41666649305562786,0.001390432772010069
Female,No,0,Graduate,No,3510,0.0,76.0,360.0,0.0,Urban,N,3510.0,4.343805421853684,0.2111110524691521,0.0007217469411776342
Male,Yes,0,Not Graduate,No,4887,0.0,133.0,360.0,1.0,Rural,N,4887.0,4.897839799950911,0.3694443418210162,0.0009071682040618682
Male,Yes,0,Graduate,No,2600,3500.0,115.0,360.0,1.0,Urban,Y,6100.0,4.7535901911063645,0.3194443557099012,0.0006284150023640675
Male,Yes,0,Not Graduate,No,7660,0.0,104.0,360.0,0.0,Urban,N,7660.0,4.653960350157523,0.2888888086419976,0.00045256725334507405
Male,Yes,1,Graduate,No,5955,5625.0,315.0,360.0,1.0,Urban,Y,11580.0,5.755742213586912,0.874999756944512,0.0009067354054621467
Male,Yes,0,Not Graduate,No,2600,1911.0,116.0,360.0,0.0,Semiurban,N,4511.0,4.762173934797756,0.32222213271607425,0.0008571635034353108
Male,Yes,2,Not Graduate,No,3365,1917.0,112.0,360.0,0.0,Rural,N,5282.0,4.727387818712341,0.3111110246913821,0.0007068026217594546
Male,Yes,1,Graduate,No,3717,2925.0,151.0,360.0,1.0,Semiurban,N,6642.0,5.0238805208462765,0.41944432793213116,0.0007578035269228156
Male,Yes,0,Graduate,Yes,9560,0.0,191.0,360.0,1.0,Semiurban,Y,9560.0,5.2574953720277815,0.5305554081790533,0.0006659690480110652
Male,Yes,0,Graduate,No,2799,2253.0,122.0,360.0,1.0,Semiurban,Y,5052.0,4.812184355372417,0.33888879475311257,0.0008049613165248954
Male,Yes,2,Not Graduate,No,4226,1040.0,110.0,360.0,1.0,Urban,Y,5266.0,4.709530201312334,0.30555547067903593,0.0006962903176224934
Male,No,0,Not Graduate,No,1442,0.0,35.0,360.0,1.0,Urban,N,1442.0,3.58351893845611,0.09722219521605689,0.0008090605906518543
Female,No,2,Graduate,No,3750,2083.0,120.0,360.0,1.0,Semiurban,Y,5833.0,4.795790545596741,0.3333332407407665,0.0006857531400626488
Male,Yes,1,Graduate,No,4166,3369.0,201.0,360.0,1.0,Urban,N,7535.0,5.308267697401205,0.5583331782407839,0.0008891834202878968
Male,No,0,Graduate,No,3167,0.0,74.0,360.0,1.0,Urban,N,3167.0,4.31748811353631,0.20555549845680599,0.0007788648711221429
Male,No,1,Graduate,Yes,4692,0.0,106.0,360.0,1.0,Rural,N,4692.0,4.672828834461906,0.2944443626543437,0.0007530544433475688
Male,Yes,0,Graduate,No,3500,1667.0,114.0,360.0,1.0,Semiurban,Y,5167.0,4.74493212836325,0.31666657870372816,0.0007354360483687788
Male,No,3+,Graduate,No,12500,3000.0,320.0,360.0,1.0,Rural,N,15500.0,5.771441123130016,0.8888886419753773,0.0006881717985740884
Male,Yes,0,Graduate,No,2275,2067.0,128.0,360.0,1.0,Urban,Y,4342.0,4.859812404361672,0.35555545679015094,0.0009826495399130272
Male,Yes,0,Graduate,No,1828,1330.0,100.0,360.0,0.0,Urban,N,3158.0,4.61512051684126,0.2777777006173054,0.0010555196772590412
Female,Yes,0,Graduate,No,3667,1459.0,144.0,360.0,1.0,Semiurban,Y,5126.0,4.976733742420574,0.3999998888889198,0.0009364021738167049
Male,No,0,Graduate,No,4166,7210.0,184.0,360.0,1.0,Urban,Y,11376.0,5.220355825078324,0.511110969135842,0.0005391465350434478
Male,No,0,Not Graduate,No,3748,1668.0,110.0,360.0,1.0,Semiurban,Y,5416.0,4.709530201312334,0.30555547067903593,0.0006770060627291647
Male,No,0,Graduate,No,3600,0.0,80.0,360.0,1.0,Urban,N,3600.0,4.394449154672439,0.22222216049384433,0.0007407402880660518
Male,No,0,Graduate,No,1800,1213.0,47.0,360.0,1.0,Urban,Y,3013.0,3.871201010907891,0.13055551929013354,0.0005199686715961488
Male,Yes,0,Graduate,No,2400,0.0,75.0,360.0,1.0,Urban,Y,2400.0,4.330733340286331,0.20833327546297906,0.001041665856481967
Male,Yes,0,Graduate,No,3941,2336.0,134.0,360.0,1.0,Semiurban,Y,6277.0,4.90527477843843,0.37222211882718925,0.0007115922529895758
Male,Yes,0,Not Graduate,Yes,4695,0.0,96.0,360.0,1.0,Urban,Y,4695.0,4.574710978503383,0.26666659259261316,0.000681575781303604
Female,No,0,Graduate,No,3410,0.0,88.0,360.0,1.0,Urban,Y,3410.0,4.48863636973214,0.24444437654322876,0.000860214512100097
Male,Yes,1,Graduate,No,5649,0.0,44.0,360.0,1.0,Urban,Y,5649.0,3.8066624897703196,0.12222218827161438,0.000259632846114349
Male,Yes,0,Graduate,No,5821,0.0,144.0,360.0,1.0,Urban,Y,5821.0,4.976733742420574,0.3999998888889198,0.0008246001850449778
Female,Yes,0,Graduate,No,2645,3440.0,120.0,360.0,0.0,Urban,N,6085.0,4.795790545596741,0.3333332407407665,0.0006573538373154631
Female,No,0,Graduate,No,4000,2275.0,144.0,360.0,1.0,Semiurban,Y,6275.0,4.976733742420574,0.3999998888889198,0.0007649398802771605
Female,Yes,0,Not Graduate,No,1928,1644.0,100.0,360.0,1.0,Semiurban,Y,3572.0,4.61512051684126,0.2777777006173054,0.000933183451172319
Female,No,0,Graduate,No,3086,0.0,120.0,360.0,1.0,Semiurban,Y,3086.0,4.795790545596741,0.3333332407407665,0.0012961754159036612
Female,No,0,Graduate,No,4230,0.0,112.0,360.0,1.0,Semiurban,N,4230.0,4.727387818712341,0.3111110246913821,0.0008825842168310934
Male,Yes,2,Graduate,No,4616,0.0,134.0,360.0,1.0,Urban,N,4616.0,4.90527477843843,0.37222211882718925,0.0009676482375971374
Female,Yes,1,Graduate,Yes,11500,0.0,286.0,360.0,0.0,Urban,N,11500.0,5.659482215759621,0.7944442237654935,0.0008289851904698864
Male,Yes,2,Graduate,No,2708,1167.0,97.0,360.0,1.0,Semiurban,Y,3875.0,4.584967478670572,0.26944436959878626,0.000834408111973084
Male,Yes,0,Graduate,No,2132,1591.0,96.0,360.0,1.0,Semiurban,Y,3723.0,4.574710978503383,0.26666659259261316,0.0008595213751506065
Male,Yes,0,Graduate,No,3366,2200.0,135.0,360.0,1.0,Rural,N,5566.0,4.912654885736052,0.3749998958333623,0.000808479658610269
Male,Yes,1,Graduate,No,8080,2250.0,180.0,360.0,1.0,Urban,Y,10330.0,5.198497031265826,0.49999986111114975,0.0005808322978059089
Male,Yes,2,Not Graduate,No,3357,2859.0,144.0,360.0,1.0,Urban,Y,6216.0,4.976733742420574,0.3999998888889198,0.0007722004086271794
Male,Yes,0,Graduate,No,2500,3796.0,120.0,360.0,1.0,Urban,Y,6296.0,4.795790545596741,0.3333332407407665,0.0006353237176780078
Male,Yes,3+,Graduate,No,3029,0.0,99.0,360.0,1.0,Urban,Y,3029.0,4.605170185988092,0.27499992361113235,0.0010894677371978553
Male,Yes,0,Not Graduate,Yes,2609,3449.0,165.0,180.0,0.0,Rural,N,6058.0,5.111987788356544,0.9166661574076903,0.001815779417292338
Male,Yes,1,Graduate,No,4945,0.0,128.0,360.0,0.0,Rural,N,4945.0,4.859812404361672,0.35555545679015094,0.0008628239526982949
Female,No,0,Graduate,No,4166,0.0,116.0,360.0,0.0,Semiurban,N,4166.0,4.762173934797756,0.32222213271607425,0.0009281479785922508
Male,Yes,0,Graduate,No,5726,4595.0,258.0,360.0,1.0,Semiurban,N,10321.0,5.556828061699537,0.716666467592648,0.0008332522634637205
Male,No,0,Not Graduate,No,3200,2254.0,126.0,180.0,0.0,Urban,N,5454.0,4.844187086458591,0.6999996111113271,0.0015401528208933886
Male,Yes,1,Graduate,No,10750,0.0,312.0,360.0,1.0,Urban,Y,10750.0,5.746203190540153,0.8666664259259929,0.0009674414837378729
Male,Yes,3+,Not Graduate,Yes,7100,0.0,125.0,60.0,1.0,Urban,Y,7100.0,4.836281906951478,2.083329861116898,0.0035211202969096375
Female,No,0,Graduate,No,4300,0.0,136.0,360.0,0.0,Semiurban,N,4300.0,4.919980925828125,0.37777767283953534,0.0010542629788276396
Male,Yes,0,Graduate,No,3208,3066.0,172.0,360.0,1.0,Urban,Y,6274.0,5.153291594497779,0.4777776450617653,0.0009138238195971628
Male,Yes,2,Not Graduate,Yes,1875,1875.0,97.0,360.0,1.0,Semiurban,Y,3750.0,4.584967478670572,0.26944436959878626,0.0008622217068051699
Male,No,0,Graduate,No,3500,0.0,81.0,300.0,1.0,Semiurban,Y,3500.0,4.406719247264253,0.26999991000003004,0.0009257136597554197
Male,Yes,3+,Not Graduate,No,4755,0.0,95.0,360.0,0.0,Semiurban,N,4755.0,4.564348191467836,0.2638888155864401,0.0006659652971354206
Male,Yes,3+,Graduate,Yes,5266,1774.0,187.0,360.0,1.0,Semiurban,Y,7040.0,5.236441962829949,0.519444300154361,0.0008854162697944332
Male,No,0,Graduate,No,3750,0.0,113.0,480.0,1.0,Urban,N,3750.0,4.736198448394496,0.235416617621538,0.0007533329353223824
Male,No,0,Graduate,No,3750,4750.0,176.0,360.0,1.0,Urban,N,8500.0,5.176149732573829,0.4888887530864575,0.0006901957892708874
Male,Yes,1,Graduate,Yes,1000,3022.0,110.0,360.0,1.0,Urban,N,4022.0,4.709530201312334,0.30555547067903593,0.0009116520522540946
Male,Yes,3+,Graduate,No,3167,4000.0,180.0,300.0,0.0,Semiurban,N,7167.0,5.198497031265826,0.5999998000000667,0.0010046039339299678
Male,Yes,3+,Not Graduate,Yes,3333,2166.0,130.0,360.0,1.0,Semiurban,Y,5499.0,4.875197323201151,0.361111010802497,0.0007880216737595847
Female,No,0,Graduate,No,3846,0.0,111.0,360.0,1.0,Semiurban,Y,3846.0,4.718498871295094,0.308333247685209,0.0009620379141385884
Male,Yes,1,Graduate,Yes,2395,0.0,128.0,360.0,1.0,Semiurban,Y,2395.0,4.859812404361672,0.35555545679015094,0.0017814878261780457
Female,Yes,2,Graduate,No,1378,1881.0,167.0,360.0,1.0,Urban,N,3259.0,5.123963979403259,0.4638887600309,0.0017080893128762276
Male,Yes,0,Graduate,No,6000,2250.0,265.0,360.0,1.0,Semiurban,N,8250.0,5.583496308781699,0.7361109066358593,0.0010707066175493782
Male,Yes,1,Graduate,No,3988,0.0,50.0,240.0,1.0,Urban,Y,3988.0,3.9318256327243257,0.20833324652781393,0.0006268801920956713
Male,No,0,Graduate,No,2366,2531.0,136.0,360.0,1.0,Semiurban,Y,4897.0,4.919980925828125,0.37777767283953534,0.0009257363616889505
Male,Yes,2,Not Graduate,No,3333,2000.0,99.0,360.0,1.0,Semiurban,Y,5333.0,4.605170185988092,0.27499992361113235,0.0006187883631703642
Male,Yes,0,Graduate,No,2500,2118.0,104.0,360.0,1.0,Semiurban,Y,4618.0,4.653960350157523,0.2888888086419976,0.0007506853189436095
Male,No,0,Graduate,No,8566,0.0,210.0,360.0,1.0,Urban,Y,8566.0,5.351858133476067,0.5833331712963413,0.00081718387519676
Male,Yes,0,Graduate,No,5695,4167.0,175.0,360.0,1.0,Semiurban,Y,9862.0,5.170483995038151,0.4861109760802845,0.0005914957415502457
Male,Yes,0,Graduate,No,2958,2900.0,131.0,360.0,1.0,Semiurban,Y,5858.0,4.882801922586371,0.36388878780867007,0.0007454190097646345
Male,Yes,2,Graduate,No,6250,5654.0,188.0,180.0,1.0,Semiurban,Y,11904.0,5.241747015059643,1.0444438641978533,0.0010528666924507905
Male,Yes,2,Not Graduate,No,3273,1820.0,81.0,360.0,1.0,Urban,Y,5093.0,4.406719247264253,0.22499993750001737,0.0005301391348582852
Male,No,0,Graduate,No,4133,0.0,122.0,360.0,1.0,Semiurban,Y,4133.0,4.812184355372417,0.33888879475311257,0.0009839497595687488
Male,No,0,Not Graduate,No,3620,0.0,25.0,120.0,1.0,Semiurban,Y,3620.0,3.258096538021482,0.20833315972236688,0.0006906069303701895
Male,No,0,Graduate,No,6782,0.0,128.0,360.0,1.0,Urban,N,6782.0,4.859812404361672,0.35555545679015094,0.000629116002144295
Female,Yes,0,Graduate,No,2484,2302.0,137.0,360.0,1.0,Semiurban,Y,4786.0,4.927253685157205,0.3805554498457084,0.0009541713859471037
Male,Yes,0,Graduate,No,1977,997.0,50.0,360.0,1.0,Semiurban,Y,2974.0,3.9318256327243257,0.1388888503086527,0.0005604120817785253
Male,Yes,0,Not Graduate,No,4188,0.0,115.0,180.0,1.0,Semiurban,Y,4188.0,4.7535901911063645,0.6388885339508145,0.0018306256472442688
Male,Yes,0,Graduate,No,1759,3541.0,131.0,360.0,1.0,Semiurban,Y,5300.0,4.882801922586371,0.36388878780867007,0.0008238989556651499
Male,Yes,2,Not Graduate,No,4288,3263.0,133.0,180.0,1.0,Urban,Y,7551.0,4.897839799950911,0.7388884783952898,0.0011742365688861866
Male,No,0,Graduate,No,4843,3806.0,151.0,360.0,1.0,Semiurban,Y,8649.0,5.0238805208462765,0.41944432793213116,0.000581955282326192
Male,Yes,0,Graduate,No,13650,0.0,128.0,360.0,1.0,Urban,Y,13650.0,4.859812404361672,0.35555545679015094,0.000312576198270357
Male,Yes,0,Graduate,No,4652,3583.0,128.0,360.0,1.0,Semiurban,Y,8235.0,4.859812404361672,0.35555545679015094,0.0005181135227377759
Male,Yes,0,Graduate,No,3816,754.0,160.0,360.0,1.0,Urban,Y,4570.0,5.081404364984463,0.44444432098768866,0.0011670307333512876
Male,Yes,1,Graduate,No,3052,1030.0,100.0,360.0,1.0,Urban,Y,4082.0,4.61512051684126,0.2777777006173054,0.0008165927063930468
Male,Yes,2,Graduate,No,11417,1126.0,225.0,360.0,1.0,Urban,Y,12543.0,5.420534999272286,0.6249998263889371,0.0005979428525182032
Male,No,0,Not Graduate,No,7333,0.0,120.0,360.0,1.0,Rural,N,7333.0,4.795790545596741,0.3333332407407665,0.0005454790991837282
Male,Yes,2,Graduate,No,3800,3600.0,216.0,360.0,0.0,Urban,N,7400.0,5.37989735354046,0.5999998333333797,0.0009729725449234463
Male,Yes,3+,Not Graduate,No,2071,754.0,94.0,480.0,1.0,Semiurban,Y,2825.0,4.553876891600541,0.19583329253473072,0.0008318578804202875
Male,No,0,Graduate,No,5316,0.0,136.0,360.0,1.0,Urban,Y,5316.0,4.919980925828125,0.37777767283953534,0.0008527710780190239
Female,Yes,0,Graduate,No,2929,2333.0,139.0,360.0,1.0,Semiurban,Y,5262.0,4.941642422609304,0.3861110038580545,0.0008805266038891543
Male,Yes,0,Not Graduate,No,3572,4114.0,152.0,360.0,0.0,Rural,N,7686.0,5.030437921392435,0.4222221049383042,0.0006592069305505248
Female,No,1,Graduate,Yes,7451,0.0,128.0,360.0,1.0,Semiurban,Y,7451.0,4.859812404361672,0.35555545679015094,0.0005726298207389648
Male,No,0,Graduate,No,5050,0.0,118.0,360.0,1.0,Semiurban,Y,5050.0,4.77912349311153,0.3277776867284204,0.0007788774863540716
Male,Yes,1,Graduate,No,14583,0.0,185.0,180.0,1.0,Rural,Y,14583.0,5.225746673713202,1.0277772067904407,0.000845733077323294
Female,Yes,0,Graduate,No,3167,2283.0,154.0,360.0,1.0,Semiurban,Y,5450.0,5.043425116919247,0.42777765895065034,0.000941895555437273
Male,Yes,1,Graduate,No,2214,1398.0,85.0,360.0,1.0,Urban,Y,3612.0,4.454347296253507,0.2361110455247096,0.0007844218175499265
Male,Yes,0,Graduate,No,5568,2142.0,175.0,360.0,1.0,Rural,N,7710.0,5.170483995038151,0.4861109760802845,0.0007565928411221796
Female,No,0,Graduate,No,10408,0.0,259.0,360.0,1.0,Urban,Y,10408.0,5.560681631015528,0.719444244598821,0.0008294898097423212
Male,Yes,0,Graduate,No,5667,2667.0,180.0,360.0,1.0,Rural,Y,8334.0,5.198497031265826,0.49999986111114975,0.0007199421009603163
Female,No,0,Graduate,No,4166,0.0,44.0,360.0,1.0,Semiurban,Y,4166.0,3.8066624897703196,0.12222218827161438,0.00035205612981085375
Female,No,0,Graduate,No,2137,8980.0,137.0,360.0,0.0,Semiurban,Y,11117.0,4.927253685157205,0.3805554498457084,0.0004107821269416163
Male,Yes,2,Graduate,No,2957,0.0,81.0,360.0,1.0,Semiurban,Y,2957.0,4.406719247264253,0.22499993750001737,0.0009130869645910893
Male,Yes,0,Not Graduate,No,4300,2014.0,194.0,360.0,1.0,Rural,Y,6314.0,5.272999558563747,0.5388887391975725,0.0010241785938163697
Female,No,0,Graduate,No,3692,0.0,93.0,360.0,1.0,Rural,Y,3692.0,4.543294782270004,0.25833326157409403,0.0008396527982951707
Male,Yes,3+,Graduate,No,23803,0.0,370.0,360.0,1.0,Rural,Y,23803.0,5.916202062607435,1.02777749228403,0.0005181418008502373
Male,No,0,Graduate,No,3865,1640.0,128.0,360.0,1.0,Rural,Y,5505.0,4.859812404361672,0.35555545679015094,0.0007750525978962205
Male,Yes,1,Graduate,Yes,10513,3850.0,160.0,180.0,0.0,Urban,N,14363.0,5.081404364984463,0.8888883950620027,0.0007426484612940109
Male,Yes,0,Graduate,No,6080,2569.0,182.0,360.0,1.0,Rural,N,8649.0,5.209486152841421,0.5055554151234959,0.0007014295455852117
Male,No,0,Graduate,Yes,20166,0.0,650.0,480.0,1.0,Urban,Y,20166.0,6.478509642208569,1.35416638454867,0.0008058115465441924
Male,No,0,Graduate,No,2014,1929.0,74.0,360.0,1.0,Urban,Y,3943.0,4.31748811353631,0.20555549845680599,0.0006255808345890617
Male,No,0,Graduate,No,2718,0.0,70.0,360.0,1.0,Semiurban,Y,2718.0,4.2626798770413155,0.19444439043211378,0.0008584737509259986
Male,Yes,0,Graduate,Yes,3459,0.0,25.0,120.0,1.0,Semiurban,Y,3459.0,3.258096538021482,0.20833315972236688,0.0007227513875012251
Male,No,0,Graduate,No,4895,0.0,102.0,360.0,1.0,Semiurban,Y,4895.0,4.634728988229636,0.28333325462965153,0.000694585949346819
Male,Yes,3+,Graduate,No,4000,7750.0,290.0,360.0,1.0,Semiurban,N,11750.0,5.673323267171493,0.8055553317901857,0.0008226947229147711
Female,Yes,0,Graduate,No,4583,0.0,84.0,360.0,1.0,Rural,N,4583.0,4.442651256490317,0.23333326851853653,0.000610953194213093
Male,Yes,2,Graduate,Yes,3316,3500.0,88.0,360.0,1.0,Urban,Y,6816.0,4.48863636973214,0.24444437654322876,0.0004303597420902369
Male,No,0,Graduate,No,14999,0.0,242.0,360.0,0.0,Semiurban,N,14999.0,5.493061443340548,0.672222035493879,0.0005378134395993346
Male,Yes,2,Not Graduate,No,4200,1430.0,129.0,360.0,1.0,Rural,N,5630.0,4.867534450455582,0.358333233796324,0.000763765166791774
Male,Yes,2,Graduate,No,5042,2083.0,185.0,360.0,1.0,Rural,N,7125.0,5.225746673713202,0.513888746142015,0.0008654966898397407
Male,No,0,Graduate,No,5417,0.0,168.0,360.0,1.0,Urban,Y,5417.0,5.1298987149230735,0.46666653703707306,0.0010337820202891734
Male,No,0,Graduate,Yes,6950,0.0,175.0,180.0,1.0,Semiurban,Y,6950.0,5.170483995038151,0.9722216820990655,0.001678655851913923
Male,Yes,0,Graduate,No,2698,2034.0,122.0,360.0,1.0,Semiurban,Y,4732.0,4.812184355372417,0.33888879475311257,0.0008593965565852669
Male,Yes,2,Graduate,No,11757,0.0,187.0,180.0,1.0,Urban,Y,11757.0,5.236441962829949,1.0388883117287158,0.0010603605059379079
Female,Yes,0,Graduate,No,2330,4486.0,100.0,360.0,1.0,Semiurban,Y,6816.0,4.61512051684126,0.2777777006173054,0.0004890451614661782
Female,Yes,2,Graduate,No,14866,0.0,70.0,360.0,1.0,Urban,Y,14866.0,4.2626798770413155,0.19444439043211378,0.0001569576548389735
Male,Yes,1,Graduate,No,1538,1425.0,30.0,360.0,1.0,Urban,Y,2963.0,3.4339872044851463,0.08333331018519162,0.0003374955508699421
Female,No,0,Graduate,No,10000,1666.0,225.0,360.0,1.0,Rural,N,11666.0,5.420534999272286,0.6249998263889371,0.0006428936349387009
Male,Yes,0,Graduate,No,4860,830.0,125.0,360.0,1.0,Semiurban,Y,5690.0,4.836281906951478,0.34722212577163175,0.000732278493941193
Male,No,0,Graduate,No,6277,0.0,118.0,360.0,0.0,Rural,N,6277.0,4.77912349311153,0.3277776867284204,0.0006266260138266414
Male,Yes,0,Graduate,Yes,2577,3750.0,152.0,360.0,1.0,Rural,Y,6327.0,5.030437921392435,0.4222221049383042,0.0008008004264737061
Male,No,0,Graduate,No,9166,0.0,244.0,360.0,1.0,Urban,N,9166.0,5.501258210544727,0.6777775895062251,0.0008873368982402818
Male,Yes,2,Not Graduate,No,2281,0.0,113.0,360.0,1.0,Rural,N,2281.0,4.736198448394496,0.3138888016975551,0.0016513211919268877
Male,No,0,Graduate,No,3254,0.0,50.0,360.0,1.0,Urban,Y,3254.0,3.9318256327243257,0.1388888503086527,0.0005121897938156361
Male,Yes,3+,Graduate,No,39999,0.0,600.0,180.0,0.0,Semiurban,Y,39999.0,6.398594934535208,3.33333148148251,0.0010000244150543968
Male,Yes,1,Graduate,No,6000,0.0,160.0,360.0,1.0,Rural,Y,6000.0,5.081404364984463,0.44444432098768866,0.0008888884641976845
Male,Yes,1,Graduate,No,9538,0.0,187.0,360.0,1.0,Urban,Y,9538.0,5.236441962829949,0.519444300154361,0.0006535259821368373
Male,No,0,Graduate,No,2980,2083.0,120.0,360.0,1.0,Rural,Y,5063.0,4.795790545596741,0.3333332407407665,0.0007900450209036486
Male,Yes,0,Graduate,No,4583,5625.0,255.0,360.0,1.0,Semiurban,Y,10208.0,5.545177444479562,0.7083331365741288,0.000832679921598123
Male,Yes,0,Not Graduate,No,1863,1041.0,98.0,360.0,1.0,Semiurban,Y,2904.0,4.59511985013459,0.2722221466049593,0.0011248844384979977
Male,Yes,0,Graduate,No,7933,0.0,275.0,360.0,1.0,Urban,N,7933.0,5.62040086571715,0.7638886766975899,0.0011555102399796785
Male,Yes,1,Graduate,No,3089,1280.0,121.0,360.0,0.0,Semiurban,N,4369.0,4.804021044733257,0.3361110177469395,0.0009231703147536958
Male,Yes,2,Graduate,No,4167,1447.0,158.0,360.0,1.0,Rural,Y,5614.0,5.0689042022202315,0.4388887669753425,0.000938130402199435
Male,Yes,0,Graduate,No,9323,0.0,75.0,180.0,1.0,Urban,Y,9323.0,4.330733340286331,0.41666643518531377,0.0005363076883679652
Male,Yes,0,Graduate,No,3707,3166.0,182.0,360.0,1.0,Rural,Y,6873.0,5.209486152841421,0.5055554151234959,0.0008826806230561913
Female,Yes,0,Graduate,No,4583,0.0,112.0,360.0,1.0,Rural,N,4583.0,4.727387818712341,0.3111110246913821,0.0008146042589507908
Male,Yes,0,Graduate,No,2439,3333.0,129.0,360.0,1.0,Rural,Y,5772.0,4.867534450455582,0.358333233796324,0.0007449753831575586
Male,No,0,Graduate,No,2237,0.0,63.0,480.0,0.0,Semiurban,N,2237.0,4.1588830833596715,0.1312499726562557,0.0007040674237792401
Male,Yes,2,Graduate,No,8000,0.0,200.0,360.0,1.0,Semiurban,Y,8000.0,5.303304908059076,0.5555554012346108,0.0008333329768519698
Male,Yes,0,Not Graduate,No,1820,1769.0,95.0,360.0,1.0,Rural,Y,3589.0,4.564348191467836,0.2638888155864401,0.0008823250844935025
Male,Yes,3+,Graduate,No,51763,0.0,700.0,300.0,1.0,Urban,Y,51763.0,6.55250788703459,2.333332555555815,0.0005409267240607715
Male,Yes,3+,Not Graduate,No,3522,0.0,81.0,180.0,1.0,Rural,N,3522.0,4.406719247264253,0.44999975000013887,0.0015332183873195918
Male,Yes,0,Graduate,No,5708,5625.0,187.0,360.0,1.0,Semiurban,Y,11333.0,5.236441962829949,0.519444300154361,0.0005500159659254544
Male,Yes,0,Not Graduate,Yes,4344,736.0,87.0,360.0,1.0,Semiurban,N,5080.0,4.477336814478207,0.2416665995370557,0.0005708658483081989
Male,Yes,0,Graduate,No,3497,1964.0,116.0,360.0,1.0,Rural,Y,5461.0,4.762173934797756,0.32222213271607425,0.0007080506762373338
Male,Yes,2,Graduate,No,2045,1619.0,101.0,360.0,1.0,Rural,Y,3664.0,4.624972813284271,0.28055547762347843,0.0009188495166108957
Male,Yes,3+,Graduate,No,5516,11300.0,495.0,360.0,0.0,Semiurban,N,16816.0,6.206575926724928,1.3749996180556618,0.0009812080304007081
Male,Yes,1,Graduate,No,3750,0.0,116.0,360.0,1.0,Semiurban,Y,3750.0,4.762173934797756,0.32222213271607425,0.0010311104947360794
Male,No,0,Not Graduate,No,2333,1451.0,102.0,480.0,0.0,Urban,N,3784.0,4.634728988229636,0.2124999557291759,0.0006738897093241173
Male,Yes,1,Graduate,No,6400,7250.0,180.0,360.0,0.0,Urban,N,13650.0,5.198497031265826,0.49999986111114975,0.00043956027881768956
Male,No,0,Graduate,No,1916,5063.0,67.0,360.0,1.0,Rural,N,6979.0,4.219507705176107,0.18611105941359463,0.000320007498059054
Male,Yes,0,Graduate,No,4600,0.0,73.0,180.0,1.0,Semiurban,Y,4600.0,4.30406509320417,0.40555533024703877,0.0010579701507391923
Male,Yes,1,Graduate,No,33846,0.0,260.0,360.0,1.0,Semiurban,N,33846.0,5.564520407322694,0.722222021604994,0.0002560616897709006
Female,Yes,0,Graduate,No,3625,0.0,108.0,360.0,1.0,Semiurban,Y,3625.0,4.6913478822291435,0.29999991666668985,0.0009931028436625839
Male,Yes,0,Graduate,Yes,39147,4750.0,120.0,360.0,1.0,Semiurban,Y,43897.0,4.795790545596741,0.3333332407407665,9.112237236126274e-05
Male,Yes,1,Graduate,Yes,2178,0.0,66.0,300.0,0.0,Rural,N,2178.0,4.204692619390966,0.21999992666669113,0.0012121201402461549
Male,Yes,0,Graduate,No,2383,2138.0,58.0,360.0,1.0,Rural,Y,4521.0,4.07753744390572,0.16111106635803712,0.0004276337719831717
Male,Yes,0,Graduate,Yes,674,5296.0,168.0,360.0,1.0,Rural,Y,5970.0,5.1298987149230735,0.46666653703707306,0.0009380230014769305
Male,Yes,0,Graduate,No,9328,0.0,188.0,180.0,1.0,Rural,Y,9328.0,5.241747015059643,1.0444438641978533,0.0013436240092222801
Male,No,0,Not Graduate,No,4885,0.0,48.0,360.0,1.0,Rural,Y,4885.0,3.8918202981106265,0.13333329629630658,0.00032753309365731153
Male,No,0,Graduate,No,12000,0.0,164.0,360.0,1.0,Semiurban,N,12000.0,5.10594547390058,0.4555554290123809,0.00045555538345684257
Male,Yes,0,Not Graduate,No,6033,0.0,160.0,360.0,1.0,Urban,N,6033.0,5.081404364984463,0.44444432098768866,0.00088402632040787
Male,No,0,Graduate,No,3858,0.0,76.0,360.0,1.0,Semiurban,Y,3858.0,4.343805421853684,0.2111110524691521,0.0006566438158779799
Male,No,0,Graduate,No,4191,0.0,120.0,360.0,1.0,Rural,Y,4191.0,4.795790545596741,0.3333332407407665,0.0009544256128796141
Male,Yes,1,Graduate,No,3125,2583.0,170.0,360.0,1.0,Semiurban,N,5708.0,5.14166355650266,0.4722220910494192,0.000992758216762994
Male,No,0,Graduate,No,8333,3750.0,187.0,360.0,1.0,Rural,Y,12083.0,5.236441962829949,0.519444300154361,0.0005158761055036833
Female,No,0,Not Graduate,No,1907,2365.0,120.0,360.0,1.0,Urban,Y,4272.0,4.795790545596741,0.3333332407407665,0.0009363290649097192
Female,Yes,0,Graduate,No,3416,2816.0,113.0,360.0,1.0,Semiurban,Y,6232.0,4.736198448394496,0.3138888016975551,0.000604407075590849
Male,No,0,Graduate,Yes,11000,0.0,83.0,360.0,1.0,Urban,N,11000.0,4.430816798843313,0.2305554915123635,0.0002515150542118452
Male,Yes,1,Not Graduate,No,2600,2500.0,90.0,360.0,1.0,Semiurban,Y,5100.0,4.51085950651685,0.24999993055557487,0.0005882349923107663
Male,No,2,Graduate,No,4923,0.0,166.0,360.0,0.0,Semiurban,Y,4923.0,5.117993812416755,0.461110983024727,0.0011239753092679976
Male,Yes,3+,Not Graduate,No,3992,0.0,128.0,180.0,1.0,Urban,N,3992.0,4.859812404361672,0.7111107160496022,0.0021376067203074055
Male,Yes,1,Not Graduate,No,3500,1083.0,135.0,360.0,1.0,Urban,Y,4583.0,4.912654885736052,0.3749998958333623,0.0009818890621281853
Male,Yes,2,Not Graduate,No,3917,0.0,124.0,360.0,1.0,Semiurban,Y,3917.0,4.8283137373023015,0.3444443487654587,0.0010552287257878565
Female,No,0,Not Graduate,No,4408,0.0,120.0,360.0,1.0,Semiurban,Y,4408.0,4.795790545596741,0.3333332407407665,0.0009074405172324359
Female,No,0,Graduate,No,3244,0.0,80.0,360.0,1.0,Urban,Y,3244.0,4.394449154672439,0.22222216049384433,0.0008220298827035367
Male,No,0,Not Graduate,No,3975,2531.0,55.0,360.0,1.0,Rural,Y,6506.0,4.02535169073515,0.15277773533951797,0.00028179103687749334
Male,No,0,Graduate,No,2479,0.0,59.0,360.0,1.0,Urban,Y,2479.0,4.0943445622221,0.1638888433642102,0.0007933300396831282
Male,No,0,Graduate,No,3418,0.0,127.0,360.0,1.0,Semiurban,N,3418.0,4.852030263919617,0.35277767978397784,0.0012385402782795205
Female,No,0,Graduate,No,10000,0.0,214.0,360.0,1.0,Semiurban,N,10000.0,5.3706380281276624,0.5944442793210336,0.0007133330495852744
Male,Yes,3+,Graduate,No,3430,1250.0,128.0,360.0,0.0,Semiurban,N,4680.0,4.859812404361672,0.35555545679015094,0.000911680424672073
Male,Yes,1,Graduate,Yes,7787,0.0,240.0,360.0,1.0,Urban,Y,7787.0,5.484796933490655,0.666666481481533,0.0010273528374155634
Male,Yes,3+,Not Graduate,Yes,5703,0.0,130.0,360.0,1.0,Rural,Y,5703.0,4.875197323201151,0.361111010802497,0.0007598336345484136
Male,Yes,0,Graduate,No,3173,3021.0,137.0,360.0,1.0,Urban,Y,6194.0,4.927253685157205,0.3805554498457084,0.0007372722817923415
Male,Yes,3+,Not Graduate,No,3850,983.0,100.0,360.0,1.0,Semiurban,Y,4833.0,4.61512051684126,0.2777777006173054,0.0006897023752875677
Male,Yes,0,Graduate,No,150,1800.0,135.0,360.0,1.0,Rural,N,1950.0,4.912654885736052,0.3749998958333623,0.00230769024654977
Male,Yes,0,Graduate,No,3727,1775.0,131.0,360.0,1.0,Semiurban,Y,5502.0,4.882801922586371,0.36388878780867007,0.0007936504000951583
Male,Yes,2,Graduate,No,5000,0.0,72.0,360.0,0.0,Semiurban,N,5000.0,4.290459441148391,0.1999999444444599,0.00047999975146676343
Female,Yes,2,Graduate,No,4283,2383.0,127.0,360.0,1.0,Semiurban,Y,6666.0,4.852030263919617,0.35277767978397784,0.0006350632156213434
Male,Yes,0,Graduate,No,2221,0.0,60.0,360.0,0.0,Urban,N,2221.0,4.110873864173311,0.16666662037038324,0.0009004945357276704
Male,Yes,2,Graduate,No,4009,1717.0,116.0,360.0,1.0,Semiurban,Y,5726.0,4.762173934797756,0.32222213271607425,0.0006752820087765421
Male,No,0,Graduate,No,2971,2791.0,144.0,360.0,1.0,Semiurban,Y,5762.0,4.976733742420574,0.3999998888889198,0.0008330436770244056
Male,Yes,0,Graduate,No,7578,1010.0,175.0,360.0,1.0,Semiurban,Y,8588.0,5.170483995038151,0.4861109760802845,0.0006792420700830147
Male,Yes,0,Graduate,No,6250,0.0,128.0,360.0,1.0,Semiurban,Y,6250.0,4.859812404361672,0.35555545679015094,0.0006826663459651513
Male,Yes,0,Graduate,No,3250,0.0,170.0,360.0,1.0,Rural,N,3250.0,5.14166355650266,0.4722220910494192,0.0017435886154728286
Male,Yes,0,Not Graduate,Yes,4735,0.0,138.0,360.0,1.0,Urban,N,4735.0,4.9344739331306915,0.3833332268518815,0.0009714883962907081
Male,Yes,2,Graduate,No,6250,1695.0,210.0,360.0,1.0,Semiurban,Y,7945.0,5.351858133476067,0.5833331712963413,0.0008810568909109914
Male,Yes,0,Graduate,No,4758,0.0,158.0,480.0,1.0,Semiurban,Y,4758.0,5.0689042022202315,0.3291665980902921,0.0008301803658821072
Male,No,0,Graduate,Yes,6400,0.0,200.0,360.0,1.0,Rural,Y,6400.0,5.303304908059076,0.5555554012346108,0.0010416661820024861
Male,Yes,1,Graduate,No,2491,2054.0,104.0,360.0,1.0,Semiurban,Y,4545.0,4.653960350157523,0.2888888086419976,0.0007627425277036168
Male,Yes,0,Graduate,No,3716,0.0,42.0,180.0,1.0,Rural,Y,3716.0,3.7612001156935624,0.23333320370377572,0.0007534977234251993
Male,No,0,Not Graduate,No,3189,2598.0,120.0,360.0,1.0,Rural,Y,5787.0,4.795790545596741,0.3333332407407665,0.0006912040883781393
Female,No,0,Graduate,No,8333,0.0,280.0,360.0,1.0,Semiurban,Y,8333.0,5.638354669333745,0.7777775617284551,0.001120044329375767
Male,Yes,1,Graduate,No,3155,1779.0,140.0,360.0,1.0,Semiurban,Y,4934.0,4.948759890378168,0.38888878086422757,0.0009458176399249216
Male,Yes,1,Graduate,No,5500,1260.0,170.0,360.0,1.0,Rural,Y,6760.0,5.14166355650266,0.4722220910494192,0.0008382639181473859
Male,Yes,0,Graduate,No,5746,0.0,255.0,360.0,1.0,Urban,N,5746.0,5.545177444479562,0.7083331365741288,0.0014792892209785035
Female,No,0,Graduate,Yes,3463,0.0,122.0,360.0,1.0,Urban,Y,3463.0,4.812184355372417,0.33888879475311257,0.001174318258115923
Female,No,1,Graduate,No,3812,0.0,112.0,360.0,1.0,Rural,Y,3812.0,4.727387818712341,0.3111110246913821,0.000979362833436827
Male,Yes,1,Graduate,No,3315,0.0,96.0,360.0,1.0,Semiurban,Y,3315.0,4.574710978503383,0.26666659259261316,0.000965308583028977
Male,Yes,2,Graduate,No,5819,5000.0,120.0,360.0,1.0,Rural,Y,10819.0,4.795790545596741,0.3333332407407665,0.00036971979343982303
Male,Yes,1,Not Graduate,No,2510,1983.0,140.0,180.0,1.0,Urban,N,4493.0,4.948759890378168,0.7777773456792524,0.0020773037292202436
Male,No,0,Graduate,No,2965,5701.0,155.0,60.0,1.0,Urban,Y,8666.0,5.049856007249537,2.5833290277849534,0.003577191788690203
Male,Yes,2,Graduate,Yes,6250,1300.0,108.0,360.0,1.0,Rural,Y,7550.0,4.6913478822291435,0.29999991666668985,0.00047682098381656926
Male,Yes,0,Not Graduate,No,3406,4417.0,123.0,360.0,1.0,Semiurban,Y,7823.0,4.820281565605037,0.34166657175928566,0.0005240953895176993
Male,No,0,Graduate,Yes,6050,4333.0,120.0,180.0,1.0,Urban,N,10383.0,4.795790545596741,0.6666662962965021,0.000770489707307173
Male,Yes,2,Graduate,No,9703,0.0,112.0,360.0,1.0,Urban,Y,9703.0,4.727387818712341,0.3111110246913821,0.00038476057246046564
Male,Yes,1,Not Graduate,No,6608,0.0,137.0,180.0,1.0,Urban,Y,6608.0,4.927253685157205,0.7611106882718398,0.0013821620158395369
Male,Yes,1,Graduate,No,2882,1843.0,123.0,480.0,1.0,Semiurban,Y,4725.0,4.820281565605037,0.2562499466145945,0.0006507933499308178
Male,Yes,0,Graduate,No,1809,1868.0,90.0,360.0,1.0,Urban,Y,3677.0,4.51085950651685,0.24999993055557487,0.0008158820200186224
Male,Yes,0,Not Graduate,No,1668,3890.0,201.0,360.0,0.0,Semiurban,N,5558.0,5.308267697401205,0.5583331782407839,0.0012054689982595554
Female,No,2,Graduate,No,3427,0.0,138.0,360.0,1.0,Urban,N,3427.0,4.9344739331306915,0.3833332268518815,0.0013422810363248716
Male,No,0,Not Graduate,Yes,2583,2167.0,104.0,360.0,1.0,Rural,Y,4750.0,4.653960350157523,0.2888888086419976,0.0007298241742978869
Male,Yes,1,Not Graduate,No,2661,7101.0,279.0,180.0,1.0,Semiurban,Y,9762.0,5.634789603169249,1.5499991388893672,0.0019053459721632084
Male,No,0,Graduate,Yes,16250,0.0,192.0,360.0,0.0,Urban,N,16250.0,5.262690188904886,0.5333331851852263,0.0003938460153604614
Female,No,3+,Graduate,No,3083,0.0,255.0,360.0,1.0,Rural,Y,3083.0,5.545177444479562,0.7083331365741288,0.00275705297775737
Male,No,0,Not Graduate,No,6045,0.0,115.0,360.0,0.0,Rural,N,6045.0,4.7535901911063645,0.3194443557099012,0.0006341325901670317
Male,Yes,3+,Graduate,No,5250,0.0,94.0,360.0,1.0,Urban,N,5250.0,4.553876891600541,0.2611110385802671,0.000596825094623446
Male,Yes,0,Graduate,No,14683,2100.0,304.0,360.0,1.0,Rural,N,16783.0,5.720311776607412,0.8444442098766084,0.0006037853657854294
Male,Yes,3+,Not Graduate,No,4931,0.0,128.0,360.0,1.0,Semiurban,N,4931.0,4.859812404361672,0.35555545679015094,0.0008652736652105887
Male,Yes,1,Graduate,No,6083,4250.0,330.0,360.0,1.0,Urban,Y,10333.0,5.802118375377063,0.9166664120371079,0.001064550050032443
Male,No,0,Graduate,No,2060,2209.0,134.0,360.0,1.0,Semiurban,Y,4269.0,4.90527477843843,0.37222211882718925,0.0010463022184032816
Female,No,1,Graduate,No,3481,0.0,155.0,36.0,1.0,Semiurban,N,3481.0,5.049856007249537,4.305543595712233,0.014842431869471004
Female,No,0,Graduate,No,7200,0.0,120.0,360.0,1.0,Rural,Y,7200.0,4.795790545596741,0.3333332407407665,0.0005555553086420594
Male,No,0,Graduate,Yes,5166,0.0,128.0,360.0,1.0,Semiurban,Y,5166.0,4.859812404361672,0.35555545679015094,0.0008259125997651358
Male,No,0,Graduate,No,4095,3447.0,151.0,360.0,1.0,Rural,Y,7542.0,5.0238805208462765,0.41944432793213116,0.000667373526165121
Male,Yes,2,Graduate,No,4708,1387.0,150.0,360.0,1.0,Semiurban,Y,6095.0,5.017279836814924,0.4166665509259581,0.0008203441553237918
Male,Yes,3+,Graduate,No,4333,1811.0,160.0,360.0,0.0,Urban,Y,6144.0,5.081404364984463,0.44444432098768866,0.000868055144887059
Female,No,0,Graduate,No,3418,0.0,135.0,360.0,1.0,Rural,N,3418.0,4.912654885736052,0.3749998958333623,0.0013165585635254746
Female,No,1,Graduate,No,2876,1560.0,90.0,360.0,1.0,Urban,Y,4436.0,4.51085950651685,0.24999993055557487,0.0006762845705873341
Female,No,0,Graduate,No,3237,0.0,30.0,360.0,1.0,Urban,Y,3237.0,3.4339872044851463,0.08333331018519162,0.0003089278194343269
Male,Yes,0,Graduate,No,11146,0.0,136.0,360.0,1.0,Urban,Y,11146.0,4.919980925828125,0.37777767283953534,0.00040672273335789913
Male,No,0,Graduate,No,2833,1857.0,126.0,360.0,1.0,Rural,Y,4690.0,4.844187086458591,0.3499999027778048,0.0008955219101721462
Male,Yes,0,Graduate,No,2620,2223.0,150.0,360.0,1.0,Semiurban,Y,4843.0,5.017279836814924,0.4166665509259581,0.0010324173801797732
Male,Yes,2,Graduate,No,3900,0.0,90.0,360.0,1.0,Semiurban,Y,3900.0,4.51085950651685,0.24999993055557487,0.0007692303188693631
Male,Yes,1,Graduate,No,2750,1842.0,115.0,360.0,1.0,Semiurban,Y,4592.0,4.7535901911063645,0.3194443557099012,0.000834784683531619
Male,Yes,0,Graduate,No,3993,3274.0,207.0,360.0,1.0,Semiurban,Y,7267.0,5.337538079701318,0.5749998402778221,0.0009494973089221267
Male,Yes,0,Graduate,No,3103,1300.0,80.0,360.0,1.0,Urban,Y,4403.0,4.394449154672439,0.22222216049384433,0.0006056473311717771
Male,Yes,0,Graduate,No,14583,0.0,436.0,360.0,1.0,Semiurban,Y,14583.0,6.07993319509559,1.2111107746914516,0.0009965938490286497
Female,Yes,0,Not Graduate,No,4100,0.0,124.0,360.0,1.0,Rural,Y,4100.0,4.8283137373023015,0.3444443487654587,0.0010081295062024627
Male,No,1,Not Graduate,Yes,4053,2426.0,158.0,360.0,0.0,Urban,N,6479.0,5.0689042022202315,0.4388887669753425,0.0008128822701412852
Male,Yes,0,Graduate,No,3927,800.0,112.0,360.0,1.0,Semiurban,Y,4727.0,4.727387818712341,0.3111110246913821,0.0007897887346202885
Male,Yes,2,Graduate,No,2301,985.7999878,78.0,180.0,1.0,Urban,Y,3286.7999878,4.3694478524670215,0.43333309259272634,0.001582084468757693
Female,No,0,Graduate,No,1811,1666.0,54.0,360.0,1.0,Urban,Y,3477.0,4.007333185232471,0.14999995833334492,0.0005176873393084073
Male,Yes,0,Graduate,No,20667,0.0,128.0,360.0,1.0,Rural,N,20667.0,4.859812404361672,0.35555545679015094,0.00020644821375835656
Male,No,0,Graduate,No,3158,3053.0,89.0,360.0,1.0,Rural,Y,6211.0,4.499809670330265,0.2472221535494018,0.0004776469601378956
Female,No,0,Graduate,Yes,2600,1717.0,99.0,300.0,1.0,Semiurban,N,4317.0,4.605170185988092,0.3299998900000367,0.0009173031223619861
Male,Yes,0,Graduate,No,3704,2000.0,120.0,360.0,1.0,Rural,Y,5704.0,4.795790545596741,0.3333332407407665,0.0007012619297641799
Female,No,0,Graduate,No,4124,0.0,115.0,360.0,1.0,Semiurban,Y,4124.0,4.7535901911063645,0.3194443557099012,0.0009295177383844637
Male,No,0,Graduate,No,9508,0.0,187.0,360.0,1.0,Rural,Y,9508.0,5.236441962829949,0.519444300154361,0.0006555880116898105
Male,Yes,0,Graduate,No,3075,2416.0,139.0,360.0,1.0,Rural,Y,5491.0,4.941642422609304,0.3861110038580545,0.000843804595470978
Male,Yes,2,Graduate,No,4400,0.0,127.0,360.0,0.0,Semiurban,N,4400.0,4.852030263919617,0.35277767978397784,0.0009621206824688444
Male,Yes,2,Graduate,No,3153,1560.0,134.0,360.0,1.0,Urban,Y,4713.0,4.90527477843843,0.37222211882718925,0.0009477327156051374
Female,No,0,Graduate,No,5417,0.0,143.0,480.0,0.0,Urban,N,5417.0,4.969813299576001,0.2979166046007074,0.0006599591034258011
Male,Yes,0,Graduate,No,2383,3334.0,172.0,360.0,1.0,Semiurban,Y,5717.0,5.153291594497779,0.4777776450617653,0.0010028564871984256
Male,Yes,3+,Graduate,No,4416,1250.0,110.0,360.0,1.0,Urban,Y,5666.0,4.709530201312334,0.30555547067903593,0.0006471346402377097
Male,Yes,1,Graduate,No,6875,0.0,200.0,360.0,1.0,Semiurban,Y,6875.0,5.303304908059076,0.5555554012346108,0.0009696965310806534
Female,Yes,1,Graduate,No,4666,0.0,135.0,360.0,1.0,Urban,Y,4666.0,4.912654885736052,0.3749998958333623,0.0009644229731446165
Female,No,0,Graduate,No,5000,2541.0,151.0,480.0,1.0,Rural,N,7541.0,5.0238805208462765,0.31458326779515255,0.0005005965538822393
Male,Yes,1,Graduate,No,2014,2925.0,113.0,360.0,1.0,Urban,N,4939.0,4.736198448394496,0.3138888016975551,0.0007626371138299505
Male,Yes,0,Not Graduate,No,1800,2934.0,93.0,360.0,0.0,Urban,N,4734.0,4.543294782270004,0.25833326157409403,0.0006548369989617088
Male,Yes,0,Not Graduate,No,2875,1750.0,105.0,360.0,1.0,Semiurban,Y,4625.0,4.663439094112067,0.29166658564817066,0.0007567563501990114
Female,No,0,Graduate,No,5000,0.0,132.0,360.0,1.0,Rural,Y,5000.0,4.890349128221754,0.3666665648148431,0.0008799995443557328
Male,Yes,1,Graduate,No,1625,1803.0,96.0,360.0,1.0,Urban,Y,3428.0,4.574710978503383,0.26666659259261316,0.0009334883287413546
Male,No,0,Graduate,No,4000,2500.0,140.0,360.0,1.0,Rural,Y,6500.0,4.948759890378168,0.38888878086422757,0.0007179483859742566
Male,No,0,Not Graduate,No,2000,0.0,128.0,360.0,1.0,Urban,N,2000.0,4.859812404361672,0.35555545679015094,0.002133331460742029
Female,No,0,Graduate,No,3762,1666.0,135.0,360.0,1.0,Rural,Y,5428.0,4.912654885736052,0.3749998958333623,0.000829034221657937
Female,No,0,Graduate,No,2400,1863.0,104.0,360.0,0.0,Urban,N,4263.0,4.653960350157523,0.2888888086419976,0.0008131983879582234
Male,No,0,Graduate,No,20233,0.0,480.0,360.0,1.0,Rural,N,20233.0,6.175867270105761,1.333332962963066,0.0007907870610691602
Male,Yes,2,Not Graduate,No,7667,0.0,185.0,360.0,1.0,Rural,Y,7667.0,5.225746673713202,0.513888746142015,0.0008043125066556896
Female,No,0,Graduate,No,2917,0.0,84.0,360.0,1.0,Semiurban,Y,2917.0,4.442651256490317,0.23333326851853653,0.0009598896367346158
Male,No,0,Not Graduate,No,2927,2405.0,111.0,360.0,1.0,Semiurban,Y,5332.0,4.718498871295094,0.308333247685209,0.0006939231319420011
Female,No,0,Graduate,No,2507,0.0,56.0,360.0,1.0,Rural,Y,2507.0,4.04305126783455,0.15555551234569104,0.0007445812742922869
Male,Yes,2,Graduate,Yes,5746,0.0,144.0,84.0,1.0,Rural,Y,5746.0,4.976733742420574,1.7142836734718172,0.0035801252672313763
Male,Yes,0,Graduate,No,2473,1843.0,159.0,360.0,1.0,Rural,N,4316.0,5.075173815233827,0.4416665439815156,0.0012279881960593959
Male,Yes,1,Not Graduate,No,3399,1640.0,111.0,180.0,1.0,Urban,Y,5039.0,4.718498871295094,0.6166663240742644,0.0014685441807180304
Male,Yes,2,Graduate,No,3717,0.0,120.0,360.0,1.0,Semiurban,Y,3717.0,4.795790545596741,0.3333332407407665,0.0010761360230094083
Male,Yes,0,Graduate,No,2058,2134.0,88.0,360.0,1.0,Urban,Y,4192.0,4.48863636973214,0.24444437654322876,0.0006997451523913556
Female,No,1,Graduate,No,3541,0.0,112.0,360.0,1.0,Semiurban,Y,3541.0,4.727387818712341,0.3111110246913821,0.0010543154564015922
Male,Yes,1,Graduate,Yes,10000,0.0,155.0,360.0,1.0,Rural,N,10000.0,5.049856007249537,0.4305554359568234,0.0005166664611482128
Male,Yes,0,Graduate,No,2400,2167.0,115.0,360.0,1.0,Semiurban,Y,4567.0,4.7535901911063645,0.3194443557099012,0.0008393543379228398
Male,Yes,3+,Graduate,No,4342,189.0,124.0,360.0,1.0,Semiurban,Y,4531.0,4.8283137373023015,0.3444443487654587,0.0009122337432145251
Male,Yes,2,Not Graduate,No,3601,1590.0,128.0,360.0,1.0,Rural,Y,5191.0,4.859812404361672,0.35555545679015094,0.0008219349826930904
Female,No,0,Graduate,No,3166,2985.0,132.0,360.0,1.0,Rural,Y,6151.0,4.890349128221754,0.3666665648148431,0.0007153305022567899
Male,Yes,3+,Graduate,No,15000,0.0,300.0,360.0,1.0,Rural,Y,15000.0,5.707110264748875,0.8333331018519162,0.0006666664281482187
Male,Yes,1,Graduate,Yes,8666,4983.0,376.0,360.0,0.0,Rural,N,13649.0,5.932245187448011,1.0444441543210683,0.0009182598541974499
Male,No,0,Graduate,No,4917,0.0,130.0,360.0,0.0,Rural,Y,4917.0,4.875197323201151,0.361111010802497,0.0008812957234238553
Male,Yes,0,Graduate,Yes,5818,2160.0,184.0,360.0,1.0,Semiurban,Y,7978.0,5.220355825078324,0.511110969135842,0.0007687804847196693
Female,Yes,0,Graduate,No,4333,2451.0,110.0,360.0,1.0,Urban,N,6784.0,4.709530201312334,0.30555547067903593,0.0005404871756432519
Female,No,0,Graduate,No,2500,0.0,67.0,360.0,1.0,Urban,Y,2500.0,4.219507705176107,0.18611105941359463,0.0008933326563855791
Male,No,1,Graduate,No,4384,1793.0,117.0,360.0,1.0,Urban,Y,6177.0,4.770684624465665,0.32499990972224735,0.0006313741555800521
Male,No,0,Graduate,No,2935,0.0,98.0,360.0,1.0,Semiurban,Y,2935.0,4.59511985013459,0.2722221466049593,0.0011130032107855737
Male,No,0,Graduate,No,2833,0.0,71.0,360.0,1.0,Urban,Y,2833.0,4.276666119016055,0.19722216743828683,0.0008353918131977642
Male,Yes,0,Graduate,No,63337,0.0,490.0,180.0,1.0,Urban,Y,63337.0,6.19644412779452,2.722220709877383,0.0005157593176124132
Male,Yes,1,Graduate,Yes,9833,1833.0,182.0,180.0,1.0,Urban,Y,11666.0,5.209486152841421,1.0111105493830281,0.0010400587471734821
Male,Yes,0,Graduate,Yes,5503,4490.0,70.0,360.0,1.0,Semiurban,Y,9993.0,4.2626798770413155,0.19444439043211378,0.00023349668818066044
Male,Yes,1,Graduate,No,5250,688.0,160.0,360.0,1.0,Rural,Y,5938.0,5.081404364984463,0.44444432098768866,0.0008981695476673639
Male,Yes,2,Graduate,Yes,2500,4600.0,176.0,360.0,1.0,Rural,Y,7100.0,5.176149732573829,0.4888887530864575,0.0008262907106322025
Female,No,3+,Not Graduate,No,1830,0.0,128.0,360.0,0.0,Urban,N,1830.0,4.859812404361672,0.35555545679015094,0.002331509663207768
Female,No,0,Graduate,No,4160,0.0,71.0,360.0,1.0,Semiurban,Y,4160.0,4.276666119016055,0.19722216743828683,0.0005689099342710387
Male,Yes,3+,Not Graduate,No,2647,1587.0,173.0,360.0,1.0,Rural,N,4234.0,5.159055299214529,0.48055542206793833,0.0013619894734123506
Female,No,0,Graduate,No,2378,0.0,46.0,360.0,1.0,Rural,N,2378.0,3.8501476017100584,0.1277777422839605,0.0006447990469506601
Male,Yes,1,Not Graduate,No,4554,1229.0,158.0,360.0,1.0,Urban,Y,5783.0,5.0689042022202315,0.4388887669753425,0.0009107148730496736
Male,Yes,3+,Not Graduate,No,3173,0.0,74.0,360.0,1.0,Semiurban,Y,3173.0,4.31748811353631,0.20555549845680599,0.0007773920733095442
Male,Yes,2,Graduate,No,2583,2330.0,125.0,360.0,1.0,Rural,Y,4913.0,4.836281906951478,0.34722212577163175,0.000848089658365966
Male,Yes,0,Graduate,No,2499,2458.0,160.0,360.0,1.0,Semiurban,Y,4957.0,5.081404364984463,0.44444432098768866,0.0010759190156847782
Male,Yes,0,Not Graduate,No,3523,3230.0,152.0,360.0,0.0,Rural,N,6753.0,5.030437921392435,0.4222221049383042,0.0007502834827364832
Male,Yes,2,Not Graduate,No,3083,2168.0,126.0,360.0,1.0,Urban,Y,5251.0,4.844187086458591,0.3499999027778048,0.0007998472430997841
Male,Yes,0,Graduate,No,6333,4583.0,259.0,360.0,1.0,Semiurban,Y,10916.0,5.560681631015528,0.719444244598821,0.0007908876865262576
Male,Yes,0,Graduate,No,2625,6250.0,187.0,360.0,1.0,Rural,Y,8875.0,5.236441962829949,0.519444300154361,0.0007023471277786793
Male,Yes,0,Graduate,No,9083,0.0,228.0,360.0,1.0,Semiurban,Y,9083.0,5.43372200355424,0.6333331574074563,0.0008367276103508031
Male,No,0,Graduate,No,8750,4167.0,308.0,360.0,1.0,Rural,N,12917.0,5.733341276897746,0.8555553179013007,0.0007948179036180324
Male,Yes,3+,Graduate,No,2666,2083.0,95.0,360.0,1.0,Rural,Y,4749.0,4.564348191467836,0.2638888155864401,0.0006668066933816065
Female,Yes,0,Graduate,Yes,5500,0.0,105.0,360.0,0.0,Rural,N,5500.0,4.663439094112067,0.29166658564817066,0.0006363633207531024
Female,Yes,0,Graduate,No,2423,505.0,130.0,360.0,1.0,Semiurban,Y,2928.0,4.875197323201151,0.361111010802497,0.0014799625524845974
Female,No,0,Graduate,No,3813,0.0,116.0,180.0,1.0,Urban,Y,3813.0,4.762173934797756,0.644444086419952,0.0020281475487181656
Male,Yes,2,Graduate,No,8333,3167.0,165.0,360.0,1.0,Rural,Y,11500.0,5.111987788356544,0.45833320601855393,0.0004782606868095498
Male,Yes,1,Graduate,No,3875,0.0,67.0,360.0,1.0,Urban,N,3875.0,4.219507705176107,0.18611105941359463,0.0005763437474453261
Male,Yes,0,Not Graduate,No,3000,1666.0,100.0,480.0,0.0,Urban,N,4666.0,4.61512051684126,0.2083332899305646,0.0005357905778435667
Male,Yes,3+,Graduate,No,5167,3167.0,200.0,360.0,1.0,Semiurban,Y,8334.0,5.303304908059076,0.5555554012346108,0.0007999356677336847
Female,No,1,Graduate,No,4723,0.0,81.0,360.0,1.0,Semiurban,N,4723.0,4.406719247264253,0.22499993750001737,0.0005716702443353622
Male,Yes,2,Graduate,No,5000,3667.0,236.0,360.0,1.0,Semiurban,Y,8667.0,5.4680601411351315,0.6555553734568408,0.0009076570199946539
Male,Yes,0,Graduate,No,4750,2333.0,130.0,360.0,1.0,Urban,Y,7083.0,4.875197323201151,0.361111010802497,0.0006117932225720877
Male,Yes,0,Graduate,No,3013,3033.0,95.0,300.0,1.0,Urban,Y,6046.0,4.564348191467836,0.3166665611111463,0.0006285143862250236
Male,No,0,Graduate,Yes,6822,0.0,141.0,360.0,1.0,Rural,Y,6822.0,4.955827057601261,0.3916665578704006,0.0006889472101595067
Male,No,0,Not Graduate,No,6216,0.0,133.0,360.0,1.0,Rural,N,6216.0,4.897839799950911,0.3694443418210162,0.0007132128774126033
Male,No,0,Graduate,No,2500,0.0,96.0,480.0,1.0,Semiurban,N,2500.0,4.574710978503383,0.19999995833334203,0.0009599993392003589
Male,No,0,Graduate,No,5124,0.0,124.0,360.0,0.0,Rural,N,5124.0,4.8283137373023015,0.3444443487654587,0.0008066610494130065
Male,Yes,1,Graduate,No,6325,0.0,175.0,360.0,1.0,Semiurban,Y,6325.0,5.170483995038151,0.4861109760802845,0.0009222657084971642
Male,Yes,0,Graduate,No,19730,5266.0,570.0,360.0,1.0,Rural,N,24996.0,6.3473892096560105,1.5833328935186408,0.0007601213718226133
Female,No,0,Graduate,Yes,15759,0.0,55.0,360.0,1.0,Semiurban,Y,15759.0,4.02535169073515,0.15277773533951797,0.00011633559772012808
Male,Yes,2,Graduate,No,5185,0.0,155.0,360.0,1.0,Semiurban,Y,5185.0,5.049856007249537,0.4305554359568234,0.000996463652020347
Male,Yes,2,Graduate,Yes,9323,7873.0,380.0,300.0,1.0,Rural,Y,17196.0,5.942799375126701,1.2666662444445853,0.0008839261382079355
Male,No,1,Graduate,No,3062,1987.0,111.0,180.0,0.0,Urban,N,5049.0,4.718498871295094,0.6166663240742644,0.001465635597173392
Female,No,0,Graduate,No,2764,1459.0,110.0,360.0,1.0,Urban,Y,4223.0,4.709530201312334,0.30555547067903593,0.0008682606218886301
Male,Yes,0,Graduate,No,4817,923.0,120.0,180.0,1.0,Urban,Y,5740.0,4.795790545596741,0.6666662962965021,0.0013937271573319578
Male,Yes,3+,Graduate,No,8750,4996.0,130.0,360.0,1.0,Rural,Y,13746.0,4.875197323201151,0.361111010802497,0.0003152431071830522
Male,Yes,0,Graduate,No,4310,0.0,130.0,360.0,1.0,Semiurban,Y,4310.0,4.875197323201151,0.361111010802497,0.0010054132072236928
Male,No,0,Graduate,No,3069,0.0,71.0,480.0,1.0,Urban,N,3069.0,4.276666119016055,0.14791663585070086,0.0005783639414049139
Male,Yes,2,Graduate,No,5391,0.0,130.0,360.0,1.0,Urban,Y,5391.0,4.875197323201151,0.361111010802497,0.000803808414961949
Male,Yes,0,Graduate,No,3333,2500.0,128.0,360.0,1.0,Semiurban,Y,5833.0,4.859812404361672,0.35555545679015094,0.0007314700160668254
Male,No,0,Graduate,No,5941,4232.0,296.0,360.0,1.0,Semiurban,Y,10173.0,5.6937321388027,0.8222219938272239,0.0009698872271760558
Female,No,0,Graduate,No,6000,0.0,156.0,360.0,1.0,Urban,Y,6000.0,5.056245805348308,0.43333321296299643,0.0008666662525927424
Male,No,0,Graduate,Yes,7167,0.0,128.0,360.0,1.0,Urban,Y,7167.0,4.859812404361672,0.35555545679015094,0.0005953208828096487
Male,Yes,2,Graduate,No,4566,0.0,100.0,360.0,1.0,Urban,N,4566.0,4.61512051684126,0.2777777006173054,0.0007300331868961543
Male,No,1,Graduate,No,3667,0.0,113.0,180.0,1.0,Urban,Y,3667.0,4.736198448394496,0.6277774290125394,0.0020543568810805065
Male,No,0,Not Graduate,No,2346,1600.0,132.0,360.0,1.0,Semiurban,Y,3946.0,4.890349128221754,0.3666665648148431,0.00111505256961861
Male,Yes,0,Not Graduate,No,3010,3136.0,128.0,360.0,0.0,Urban,N,6146.0,4.859812404361672,0.35555545679015094,0.0006942181334884562
Male,Yes,0,Graduate,No,2333,2417.0,136.0,360.0,1.0,Urban,Y,4750.0,4.919980925828125,0.37777767283953534,0.0009543854586972366
Male,Yes,0,Graduate,No,5488,0.0,125.0,360.0,1.0,Rural,Y,5488.0,4.836281906951478,0.34722212577163175,0.0007592318874237092
Male,No,3+,Graduate,No,9167,0.0,185.0,360.0,1.0,Rural,Y,9167.0,5.225746673713202,0.513888746142015,0.0006727025358853646
Male,Yes,3+,Graduate,No,9504,0.0,275.0,360.0,1.0,Rural,Y,9504.0,5.62040086571715,0.7638886766975899,0.0009645057831401662
Male,Yes,0,Graduate,No,2583,2115.0,120.0,360.0,1.0,Urban,Y,4698.0,4.795790545596741,0.3333332407407665,0.0008514256847974407
Male,Yes,2,Not Graduate,No,1993,1625.0,113.0,180.0,1.0,Semiurban,Y,3618.0,4.736198448394496,0.6277774290125394,0.002082179836797863
Male,Yes,2,Graduate,No,3100,1400.0,113.0,360.0,1.0,Urban,Y,4500.0,4.736198448394496,0.3138888016975551,0.0008370365813170587
Male,Yes,2,Graduate,No,3276,484.0,135.0,360.0,1.0,Semiurban,Y,3760.0,4.912654885736052,0.3749998958333623,0.001196807796231647
Female,No,0,Graduate,No,3180,0.0,71.0,360.0,0.0,Urban,N,3180.0,4.276666119016055,0.19722216743828683,0.0007442343132636058
Male,Yes,0,Graduate,No,3033,1459.0,95.0,360.0,1.0,Urban,Y,4492.0,4.564348191467836,0.2638888155864401,0.0007049565763778695
Male,No,0,Not Graduate,No,3902,1666.0,109.0,360.0,1.0,Rural,Y,5568.0,4.700480365792417,0.3027776936728629,0.0006525379922824649
Female,No,0,Graduate,No,1500,1800.0,103.0,360.0,0.0,Semiurban,N,3300.0,4.6443908991413725,0.2861110316358246,0.0010404033730744993
Male,Yes,2,Not Graduate,No,2889,0.0,45.0,180.0,0.0,Urban,N,2889.0,3.828641396489095,0.24999986111118827,0.0010384205909413466
Male,No,0,Not Graduate,No,2755,0.0,65.0,300.0,1.0,Rural,N,2755.0,4.189654742026425,0.21666659444446854,0.0009437379313423247
Male,No,0,Graduate,No,2500,20000.0,103.0,360.0,1.0,Semiurban,Y,22500.0,4.6443908991413725,0.2861110316358246,0.0001525925420675042
Female,No,0,Not Graduate,No,1963,0.0,53.0,360.0,1.0,Semiurban,Y,1963.0,3.9889840465642745,0.14722218132717185,0.0008999822190256746
Female,No,0,Graduate,Yes,7441,0.0,194.0,360.0,1.0,Rural,N,7441.0,5.272999558563747,0.5388887391975725,0.0008690584367021565
Female,No,0,Graduate,No,4547,0.0,115.0,360.0,1.0,Semiurban,Y,4547.0,4.7535901911063645,0.3194443557099012,0.0008430462407880637
Male,Yes,0,Not Graduate,No,2167,2400.0,115.0,360.0,1.0,Urban,Y,4567.0,4.7535901911063645,0.3194443557099012,0.0008393543379228398
Female,No,0,Not Graduate,No,2213,0.0,66.0,360.0,1.0,Rural,Y,2213.0,4.204692619390966,0.18333328240742156,0.000994124806118071
Male,Yes,1,Graduate,No,8300,0.0,152.0,300.0,0.0,Semiurban,N,8300.0,5.030437921392435,0.5066664977778341,0.0007325297703973838
Male,Yes,3+,Graduate,No,81000,0.0,360.0,360.0,0.0,Rural,N,81000.0,5.8888779583328805,0.9999997222222995,0.0001481481048011095
Female,No,1,Not Graduate,Yes,3867,0.0,62.0,360.0,1.0,Semiurban,N,3867.0,4.143134726391533,0.17222217438272935,0.0005344363721926831
Male,Yes,0,Graduate,No,6256,0.0,160.0,360.0,1.0,Urban,Y,6256.0,5.081404364984463,0.44444432098768866,0.000852514518675646
Male,Yes,0,Not Graduate,No,6096,0.0,218.0,360.0,0.0,Rural,N,6096.0,5.389071729816501,0.6055553873457258,0.0011920379294132538
Male,Yes,0,Not Graduate,No,2253,2033.0,110.0,360.0,1.0,Rural,Y,4286.0,4.709530201312334,0.30555547067903593,0.0008554980451588374
Female,Yes,0,Not Graduate,No,2149,3237.0,178.0,360.0,0.0,Semiurban,N,5386.0,5.187385805840755,0.4944443070988036,0.0011016209363610323
Female,No,0,Graduate,No,2995,0.0,60.0,360.0,1.0,Urban,Y,2995.0,4.110873864173311,0.16666662037038324,0.0006677791796693099
Female,No,1,Graduate,No,2600,0.0,160.0,360.0,1.0,Urban,N,2600.0,5.081404364984463,0.44444432098768866,0.002051280534736778
Male,Yes,2,Graduate,Yes,1600,20000.0,239.0,360.0,1.0,Urban,N,21600.0,5.480638923341991,0.6638887044753599,0.0003688270375514756
Male,Yes,0,Graduate,No,1025,2773.0,112.0,360.0,1.0,Rural,Y,3798.0,4.727387818712341,0.3111110246913821,0.0009829729111977597
Male,Yes,0,Graduate,No,3246,1417.0,138.0,360.0,1.0,Semiurban,Y,4663.0,4.9344739331306915,0.3833332268518815,0.0009864888566236223
Male,Yes,0,Graduate,No,5829,0.0,138.0,360.0,1.0,Rural,Y,5829.0,4.9344739331306915,0.3833332268518815,0.0007891572783039705
Female,No,0,Not Graduate,No,2720,0.0,80.0,360.0,0.0,Urban,N,2720.0,4.394449154672439,0.22222216049384433,0.0009803914520060257
Male,Yes,0,Graduate,No,1820,1719.0,100.0,360.0,1.0,Urban,Y,3539.0,4.61512051684126,0.2777777006173054,0.0009418850740733472
Male,Yes,1,Graduate,No,7250,1667.0,110.0,360.0,0.0,Urban,N,8917.0,4.709530201312334,0.30555547067903593,0.0004111994117650709
Male,Yes,0,Graduate,No,14880,0.0,96.0,360.0,1.0,Semiurban,Y,14880.0,4.574710978503383,0.26666659259261316,0.00021505368636068106
Male,Yes,0,Graduate,No,2666,4300.0,121.0,360.0,1.0,Rural,Y,6966.0,4.804021044733257,0.3361110177469395,0.0005790025148091095
Female,No,1,Not Graduate,No,4606,0.0,81.0,360.0,1.0,Rural,N,4606.0,4.406719247264253,0.22499993750001737,0.0005861916080265477
Male,Yes,2,Graduate,No,5935,0.0,133.0,360.0,1.0,Semiurban,Y,5935.0,4.897839799950911,0.3694443418210162,0.0007469808265333114
Male,Yes,0,Graduate,No,2920,16.12000084,87.0,360.0,1.0,Rural,Y,2936.12000084,4.477336814478207,0.2416665995370557,0.000987697372170809
Male,No,0,Not Graduate,No,2717,0.0,60.0,180.0,1.0,Urban,Y,2717.0,4.110873864173311,0.33333314814825105,0.0014722105304108856
Female,No,1,Graduate,Yes,8624,0.0,150.0,360.0,1.0,Semiurban,Y,8624.0,5.017279836814924,0.4166665509259581,0.000579777123768431
Male,No,0,Graduate,No,6500,0.0,105.0,360.0,0.0,Rural,N,6500.0,4.663439094112067,0.29166658564817066,0.0005384612894806924
Male,No,0,Graduate,No,12876,0.0,405.0,360.0,1.0,Semiurban,Y,12876.0,6.0063531596017325,1.124999687500087,0.0010484618664062444
Male,Yes,0,Graduate,No,2425,2340.0,143.0,360.0,1.0,Semiurban,Y,4765.0,4.969813299576001,0.39722211188274675,0.001000349242848661
Male,No,0,Graduate,No,3750,0.0,100.0,360.0,1.0,Urban,Y,3750.0,4.61512051684126,0.2777777006173054,0.0008888883575311029
Female,Yes,0,Graduate,No,10047,0.0,128.0,240.0,1.0,Semiurban,Y,10047.0,4.859812404361672,0.5333331111112037,0.0006370057299619358
Male,No,0,Graduate,No,1926,1851.0,50.0,360.0,1.0,Semiurban,Y,3777.0,3.9318256327243257,0.1388888503086527,0.0004412670569720318
Male,Yes,0,Graduate,No,2213,1125.0,128.0,360.0,1.0,Urban,Y,3338.0,4.859812404361672,0.35555545679015094,0.0012782096907220438
Male,No,0,Graduate,Yes,10416,0.0,187.0,360.0,0.0,Urban,N,10416.0,5.236441962829949,0.519444300154361,0.0005984380648739108
Female,Yes,0,Not Graduate,Yes,7142,0.0,138.0,360.0,1.0,Rural,Y,7142.0,4.9344739331306915,0.3833332268518815,0.0006440770021464822
Male,No,0,Graduate,No,3660,5064.0,187.0,360.0,1.0,Semiurban,Y,8724.0,5.236441962829949,0.519444300154361,0.0007145037533754962
Male,Yes,0,Graduate,No,7901,1833.0,180.0,360.0,1.0,Rural,Y,9734.0,5.198497031265826,0.49999986111114975,0.0006163958900409625
Male,No,3+,Not Graduate,No,4707,1993.0,148.0,360.0,1.0,Semiurban,Y,6700.0,5.003946305945459,0.41111099691361197,0.0007363180715495012
Male,No,1,Graduate,No,37719,0.0,152.0,360.0,1.0,Semiurban,Y,37719.0,5.030437921392435,0.4222221049383042,0.000134326601926555
Male,Yes,0,Graduate,No,7333,8333.0,175.0,300.0,1.0,Rural,Y,15666.0,5.170483995038151,0.5833331388889538,0.00044682734140652594
Male,Yes,1,Graduate,Yes,3466,1210.0,130.0,360.0,1.0,Rural,Y,4676.0,4.875197323201151,0.361111010802497,0.0009267174973415243
Male,Yes,2,Not Graduate,No,4652,0.0,110.0,360.0,1.0,Rural,Y,4652.0,4.709530201312334,0.30555547067903593,0.0007881910366120351
Male,Yes,0,Graduate,No,3539,1376.0,55.0,360.0,1.0,Rural,N,4915.0,4.02535169073515,0.15277773533951797,0.0003730076045707203
Male,Yes,2,Graduate,No,3340,1710.0,150.0,360.0,0.0,Rural,N,5050.0,5.017279836814924,0.4166665509259581,0.0009900984996026334
Male,No,1,Not Graduate,Yes,2769,1542.0,190.0,360.0,1.0,Semiurban,N,4311.0,5.25227342804663,0.5277776311728802,0.0014691092115851332
Male,Yes,2,Not Graduate,No,2309,1255.0,125.0,360.0,0.0,Rural,N,3564.0,4.836281906951478,0.34722212577163175,0.0011690976729355706
Male,Yes,2,Not Graduate,No,1958,1456.0,60.0,300.0,1.0,Urban,Y,3414.0,4.110873864173311,0.19999993333335558,0.0007029872162904533
Male,Yes,0,Graduate,No,3948,1733.0,149.0,360.0,0.0,Rural,N,5681.0,5.0106352940962555,0.41388877391978507,0.0008742587991422042
Male,Yes,0,Graduate,No,2483,2466.0,90.0,180.0,0.0,Rural,Y,4949.0,4.51085950651685,0.49999972222237654,0.0012123651670701795
Male,No,0,Graduate,Yes,7085,0.0,84.0,360.0,1.0,Semiurban,Y,7085.0,4.442651256490317,0.23333326851853653,0.00039520095243208124
Male,Yes,2,Graduate,No,3859,0.0,96.0,360.0,1.0,Semiurban,Y,3859.0,4.574710978503383,0.26666659259261316,0.0008292298823621403
Male,Yes,0,Graduate,No,4301,0.0,118.0,360.0,1.0,Urban,Y,4301.0,4.77912349311153,0.3277776867284204,0.0009145154948436296
Male,Yes,0,Graduate,No,3708,2569.0,173.0,360.0,1.0,Urban,N,6277.0,5.159055299214529,0.48055542206793833,0.0009186974609492284
Male,No,2,Graduate,No,4354,0.0,136.0,360.0,1.0,Rural,Y,4354.0,4.919980925828125,0.37777767283953534,0.0010411876032726918
Male,Yes,0,Graduate,No,8334,0.0,160.0,360.0,1.0,Semiurban,N,8334.0,5.081404364984463,0.44444432098768866,0.0006399485341869478
Male,Yes,0,Graduate,Yes,2083,4083.0,160.0,360.0,1.0,Semiurban,Y,6166.0,5.081404364984463,0.44444432098768866,0.000864957965277766
Male,Yes,3+,Graduate,No,7740,0.0,128.0,180.0,1.0,Urban,Y,7740.0,4.859812404361672,0.7111107160496022,0.0011024970632556525
Male,Yes,0,Graduate,No,3015,2188.0,153.0,360.0,1.0,Rural,Y,5203.0,5.0369526024136295,0.42499988194447724,0.000980203230269047
Female,No,1,Not Graduate,No,5191,0.0,132.0,360.0,1.0,Semiurban,Y,5191.0,4.890349128221754,0.3666665648148431,0.0008476204509022494
Male,No,0,Graduate,No,4166,0.0,98.0,360.0,0.0,Semiurban,N,4166.0,4.59511985013459,0.2722221466049593,0.0007841250163969016
Male,No,0,Graduate,No,6000,0.0,140.0,360.0,1.0,Rural,Y,6000.0,4.948759890378168,0.38888878086422757,0.000777777406172974
Male,Yes,3+,Not Graduate,No,2947,1664.0,70.0,180.0,0.0,Urban,N,4611.0,4.2626798770413155,0.3888886728396262,0.0010120717544110625
Male,Yes,0,Graduate,No,16692,0.0,110.0,360.0,1.0,Semiurban,Y,16692.0,4.709530201312334,0.30555547067903593,0.00021966603070627813
Female,Yes,2,Not Graduate,No,210,2917.0,98.0,360.0,1.0,Semiurban,Y,3127.0,4.59511985013459,0.2722221466049593,0.001044664056815684
Male,Yes,0,Graduate,No,4333,2451.0,110.0,360.0,1.0,Urban,N,6784.0,4.709530201312334,0.30555547067903593,0.0005404871756432519
Male,Yes,1,Graduate,Yes,3450,2079.0,162.0,360.0,1.0,Semiurban,Y,5529.0,5.093750200806762,0.44999987500003474,0.0009766679920417483
Male,Yes,1,Not Graduate,No,2653,1500.0,113.0,180.0,0.0,Rural,N,4153.0,4.736198448394496,0.6277774290125394,0.001813948223311487
Male,Yes,3+,Graduate,No,4691,0.0,100.0,360.0,1.0,Semiurban,Y,4691.0,4.61512051684126,0.2777777006173054,0.0007105801651484686
Female,No,0,Graduate,Yes,2500,0.0,93.0,360.0,1.0,Urban,Y,2500.0,4.543294782270004,0.25833326157409403,0.0012399990603561024
Male,No,2,Graduate,No,5532,4648.0,162.0,360.0,1.0,Rural,Y,10180.0,5.093750200806762,0.44999987500003474,0.0005304516565283329
Male,Yes,2,Graduate,Yes,16525,1014.0,150.0,360.0,1.0,Rural,Y,17539.0,5.017279836814924,0.4166665509259581,0.0002850788681804468
Male,Yes,2,Graduate,No,6700,1750.0,230.0,300.0,1.0,Semiurban,Y,8450.0,5.442417710521793,0.7666664111111964,0.0010887568789143317
Male,Yes,2,Graduate,No,2873,1872.0,132.0,360.0,0.0,Semiurban,N,4745.0,4.890349128221754,0.3666665648148431,0.0009272913941050462
Male,Yes,1,Graduate,Yes,16667,2250.0,86.0,360.0,1.0,Semiurban,Y,18917.0,4.465908118654584,0.23888882253088264,0.0001515391282192545
Male,Yes,2,Graduate,No,2947,1603.0,128.0,360.0,1.0,Urban,N,4550.0,4.859812404361672,0.35555545679015094,0.0009377284299357572
Female,No,0,Not Graduate,No,4350,0.0,154.0,360.0,1.0,Rural,Y,4350.0,5.043425116919247,0.42777765895065034,0.0011800759750153183
Male,Yes,3+,Not Graduate,No,3095,0.0,113.0,360.0,1.0,Rural,Y,3095.0,4.736198448394496,0.3138888016975551,0.0012170158836677224
Male,Yes,0,Graduate,No,2083,3150.0,128.0,360.0,1.0,Semiurban,Y,5233.0,4.859812404361672,0.35555545679015094,0.0008153381431446666
Male,Yes,0,Graduate,No,10833,0.0,234.0,360.0,1.0,Semiurban,Y,10833.0,5.459585514144159,0.6499998194444947,0.0007200218747630099
Male,Yes,2,Graduate,No,8333,0.0,246.0,360.0,1.0,Semiurban,Y,8333.0,5.5093883366279774,0.6833331435185713,0.0009840389465229954
Male,Yes,1,Not Graduate,No,1958,2436.0,131.0,360.0,1.0,Rural,Y,4394.0,4.882801922586371,0.36388878780867007,0.0009937788486958177
Male,No,2,Graduate,No,3547,0.0,80.0,360.0,0.0,Rural,N,3547.0,4.394449154672439,0.22222216049384433,0.0007518085773205073
Male,Yes,1,Graduate,No,18333,0.0,500.0,360.0,1.0,Urban,N,18333.0,6.2166061010848646,1.388888503086527,0.0009091071262810109
Male,Yes,2,Graduate,Yes,4583,2083.0,160.0,360.0,1.0,Semiurban,Y,6666.0,5.081404364984463,0.44444432098768866,0.0008000796417276768
Male,No,0,Graduate,No,2435,0.0,75.0,360.0,1.0,Urban,N,2435.0,4.330733340286331,0.20833327546297906,0.0010266932540138989
Male,No,0,Not Graduate,No,2699,2785.0,96.0,360.0,1.0,Semiurban,Y,5484.0,4.574710978503383,0.26666659259261316,0.0005835153922124157
Male,Yes,1,Not Graduate,No,5333,1131.0,186.0,360.0,1.0,Urban,Y,6464.0,5.231108616854587,0.5166665231481881,0.0009591579713472605
Male,No,0,Not Graduate,No,3691,0.0,110.0,360.0,1.0,Rural,Y,3691.0,4.709530201312334,0.30555547067903593,0.0009934067884205596
Female,No,0,Not Graduate,Yes,17263,0.0,225.0,360.0,1.0,Semiurban,Y,17263.0,5.420534999272286,0.6249998263889371,0.00043445504230557814
Male,Yes,0,Graduate,No,3597,2157.0,119.0,360.0,0.0,Rural,N,5754.0,4.787491742782046,0.33055546373459344,0.0006893751716310246
Female,Yes,1,Graduate,No,3326,913.0,105.0,84.0,1.0,Semiurban,Y,4239.0,4.663439094112067,1.2499985119065333,0.003538565203255522
Male,Yes,0,Not Graduate,No,2600,1700.0,107.0,360.0,1.0,Rural,Y,4300.0,4.68213122712422,0.2972221396605168,0.0008294569024599812
Male,Yes,0,Graduate,No,4625,2857.0,111.0,12.0,1.0,Urban,Y,7482.0,4.718498871295094,9.249922917309023,0.01483547944468497
Male,Yes,1,Graduate,Yes,2895,0.0,95.0,360.0,1.0,Semiurban,Y,2895.0,4.564348191467836,0.2638888155864401,0.0010938391966943853
Male,No,0,Graduate,No,6283,4416.0,209.0,360.0,0.0,Rural,N,10699.0,5.3471075307174685,0.5805553942901683,0.0006511509440228888
Female,No,0,Graduate,No,645,3683.0,113.0,480.0,1.0,Rural,Y,4328.0,4.736198448394496,0.235416617621538,0.0006527261155700364
Female,No,0,Graduate,No,3159,0.0,100.0,360.0,1.0,Semiurban,Y,3159.0,4.61512051684126,0.2777777006173054,0.001055185546434001
Male,Yes,2,Graduate,No,4865,5624.0,208.0,360.0,1.0,Semiurban,Y,10489.0,5.342334251964811,0.5777776172839952,0.0006610096876915166
Male,Yes,1,Not Graduate,No,4050,5302.0,138.0,360.0,1.0,Rural,N,9352.0,4.9344739331306915,0.3833332268518815,0.0004918731963189417
Male,Yes,0,Not Graduate,No,3814,1483.0,124.0,300.0,1.0,Semiurban,Y,5297.0,4.8283137373023015,0.4133331955556015,0.0009363785582429579
Male,Yes,2,Graduate,No,3510,4416.0,243.0,360.0,1.0,Rural,Y,7926.0,5.497168225293202,0.6749998125000521,0.001021952627259333
Male,Yes,0,Graduate,No,20833,6667.0,480.0,360.0,1.0,Urban,Y,27500.0,6.175867270105761,1.333332962963066,0.0005818179948136436
Male,No,0,Graduate,No,3583,0.0,96.0,360.0,1.0,Urban,N,3583.0,4.574710978503383,0.26666659259261316,0.0008931057882736289
Male,Yes,0,Graduate,Yes,2479,3013.0,188.0,360.0,1.0,Urban,Y,5492.0,5.241747015059643,0.5222220771605341,0.0011410530875205216
Female,No,1,Graduate,No,13262,0.0,40.0,360.0,1.0,Urban,Y,13262.0,3.713572066704308,0.11111108024692216,0.00010053784062114743
Male,No,0,Not Graduate,No,3598,1287.0,100.0,360.0,1.0,Rural,N,4885.0,4.61512051684126,0.2777777006173054,0.0006823606117860657
Male,Yes,1,Graduate,No,6065,2004.0,250.0,360.0,1.0,Semiurban,Y,8069.0,5.5254529391317835,0.6944442515432635,0.001032758678796474
Male,Yes,2,Graduate,No,3283,2035.0,148.0,360.0,1.0,Urban,Y,5318.0,5.003946305945459,0.41111099691361197,0.0009276665757358881
Male,Yes,0,Graduate,No,2130,6666.0,70.0,180.0,1.0,Semiurban,N,8796.0,4.2626798770413155,0.3888886728396262,0.0005305438196251626
Male,No,0,Graduate,No,5815,3666.0,311.0,360.0,1.0,Rural,N,9481.0,5.7430031878094825,0.8638886489198198,0.0010934144578568176
Male,Yes,3+,Graduate,No,3466,3428.0,150.0,360.0,1.0,Rural,Y,6894.0,5.017279836814924,0.4166665509259581,0.000725268021582517
Female,Yes,2,Graduate,No,2031,1632.0,113.0,480.0,1.0,Semiurban,Y,3663.0,4.736198448394496,0.235416617621538,0.0007712253579000893
Male,Yes,0,Not Graduate,No,3074,1800.0,123.0,360.0,0.0,Semiurban,N,4874.0,4.820281565605037,0.34166657175928566,0.0008411977537287902
Male,No,0,Graduate,No,4683,1915.0,185.0,360.0,1.0,Semiurban,N,6598.0,5.225746673713202,0.513888746142015,0.0009346262249397862
Female,No,0,Not Graduate,No,3400,0.0,95.0,360.0,1.0,Rural,N,3400.0,4.564348191467836,0.2638888155864401,0.0009313719615855671
Male,Yes,2,Not Graduate,No,2192,1742.0,45.0,360.0,1.0,Semiurban,Y,3934.0,3.828641396489095,0.12499996527778744,0.0003812910843376076
Male,No,0,Graduate,No,2500,0.0,55.0,360.0,1.0,Semiurban,Y,2500.0,4.02535169073515,0.15277773533951797,0.0007333327776299529
Male,Yes,3+,Graduate,Yes,5677,1424.0,100.0,360.0,1.0,Rural,Y,7101.0,4.61512051684126,0.2777777006173054,0.00046941724322024686
Male,Yes,2,Graduate,Yes,7948,7166.0,480.0,360.0,1.0,Rural,Y,15114.0,6.175867270105761,1.333332962963066,0.001058620767845168
Male,No,0,Graduate,No,4680,2087.0,128.0,360.0,1.0,Semiurban,N,6767.0,4.859812404361672,0.35555545679015094,0.0006305105253242472
Male,Yes,2,Graduate,Yes,17500,0.0,400.0,360.0,1.0,Rural,Y,17500.0,5.993961427306569,1.1111108024692216,0.0007619044980197293
Male,Yes,0,Graduate,No,3775,0.0,110.0,360.0,1.0,Semiurban,Y,3775.0,4.709530201312334,0.30555547067903593,0.0009713018496917118
Male,Yes,1,Not Graduate,No,5285,1430.0,161.0,360.0,0.0,Semiurban,Y,6715.0,5.087596335232384,0.4472220979938617,0.0007992053934296155
Male,No,1,Not Graduate,No,2679,1302.0,94.0,360.0,1.0,Semiurban,Y,3981.0,4.553876891600541,0.2611110385802671,0.000787071469097574
Male,No,0,Not Graduate,No,6783,0.0,130.0,360.0,1.0,Semiurban,Y,6783.0,4.875197323201151,0.361111010802497,0.0006388517415609427
Male,Yes,0,Graduate,No,1025,5500.0,216.0,360.0,1.0,Rural,Y,6525.0,5.37989735354046,0.5999998333333797,0.0011034477664158217
Male,Yes,3+,Graduate,No,4281,0.0,100.0,360.0,1.0,Urban,Y,4281.0,4.61512051684126,0.2777777006173054,0.0007786338409360093
Male,No,2,Graduate,No,3588,0.0,110.0,360.0,0.0,Rural,N,3588.0,4.709530201312334,0.30555547067903593,0.0010219243093197493
Male,No,1,Graduate,No,11250,0.0,196.0,360.0,1.0,Semiurban,N,11250.0,5.2832037287379885,0.5444442932099186,0.000580740517478258
Female,No,0,Not Graduate,Yes,18165,0.0,125.0,360.0,1.0,Urban,Y,18165.0,4.836281906951478,0.34722212577163175,0.00022937876322626287
Male,No,0,Not Graduate,No,2550,2042.0,126.0,360.0,1.0,Rural,Y,4592.0,4.844187086458591,0.3499999027778048,0.0009146336532607303
Male,Yes,0,Graduate,No,6133,3906.0,324.0,360.0,1.0,Urban,Y,10039.0,5.783825182329737,0.8999997500000695,0.0010758039355549468
Male,No,2,Graduate,No,3617,0.0,107.0,360.0,1.0,Semiurban,Y,3617.0,4.68213122712422,0.2972221396605168,0.0009860836308061502
Male,Yes,0,Not Graduate,No,2917,536.0,66.0,360.0,1.0,Rural,N,3453.0,4.204692619390966,0.18333328240742156,0.0006371267374274468
Male,Yes,3+,Graduate,No,6417,0.0,157.0,180.0,1.0,Rural,Y,6417.0,5.062595033026967,0.8722217376545902,0.0016310828883521298
Female,Yes,1,Graduate,No,4608,2845.0,140.0,180.0,1.0,Semiurban,Y,7453.0,4.948759890378168,0.7777773456792524,0.0012522912445191916
Female,No,0,Graduate,No,2138,0.0,99.0,360.0,0.0,Semiurban,N,2138.0,4.605170185988092,0.27499992361113235,0.001543497301747814
Female,No,1,Graduate,No,3652,0.0,95.0,360.0,1.0,Semiurban,Y,3652.0,4.564348191467836,0.2638888155864401,0.0008671042569858088
Male,Yes,1,Not Graduate,No,2239,2524.0,128.0,360.0,1.0,Urban,Y,4763.0,4.859812404361672,0.35555545679015094,0.0008957934928678605
Female,Yes,0,Not Graduate,No,3017,663.0,102.0,360.0,1.0,Semiurban,Y,3680.0,4.634728988229636,0.28333325462965153,0.0009239124855600098
Male,Yes,0,Graduate,No,2768,1950.0,155.0,360.0,1.0,Rural,Y,4718.0,5.049856007249537,0.4305554359568234,0.0010950962097003877
Male,No,0,Not Graduate,No,3358,0.0,80.0,36.0,1.0,Semiurban,N,3358.0,4.394449154672439,2.2222160493998624,0.007941209965260987
Male,No,0,Graduate,No,2526,1783.0,145.0,360.0,1.0,Rural,Y,4309.0,4.983606621708336,0.40277766589509284,0.0011216826745699478
Female,No,0,Graduate,No,5000,0.0,103.0,360.0,0.0,Semiurban,N,5000.0,4.6443908991413725,0.2861110316358246,0.0006866663111260643
Male,Yes,0,Graduate,No,2785,2016.0,110.0,360.0,1.0,Rural,Y,4801.0,4.709530201312334,0.30555547067903593,0.000763729375478688
Male,Yes,2,Graduate,Yes,6633,0.0,128.0,360.0,0.0,Rural,N,6633.0,4.859812404361672,0.35555545679015094,0.0006432481093900317
Male,Yes,1,Not Graduate,No,2492,2375.0,128.0,360.0,1.0,Rural,Y,4867.0,4.859812404361672,0.35555545679015094,0.000876651824429756
Male,Yes,1,Graduate,No,3333,3250.0,158.0,360.0,1.0,Urban,Y,6583.0,5.0689042022202315,0.4388887669753425,0.0008000401403092726
Male,Yes,0,Not Graduate,No,2454,2333.0,181.0,360.0,0.0,Urban,N,4787.0,5.204006687076795,0.5027776381173228,0.0012603572477499845
Male,Yes,0,Graduate,No,3593,4266.0,132.0,180.0,0.0,Rural,N,7859.0,4.890349128221754,0.7333329259261523,0.0011197345422359558
Male,Yes,1,Graduate,No,5468,1032.0,26.0,360.0,1.0,Semiurban,Y,6500.0,3.295836866004329,0.0722222021604994,0.00013333327168093338
Female,No,0,Graduate,No,2667,1625.0,84.0,360.0,1.0,Urban,Y,4292.0,4.442651256490317,0.23333326851853653,0.0006523761508320264
Male,Yes,3+,Graduate,Yes,10139,0.0,260.0,360.0,1.0,Semiurban,Y,10139.0,5.564520407322694,0.722222021604994,0.0008547848144312212
Male,Yes,0,Graduate,No,3887,2669.0,162.0,360.0,1.0,Semiurban,Y,6556.0,5.093750200806762,0.44999987500003474,0.0008236725917622493
Female,Yes,0,Graduate,No,4180,2306.0,182.0,360.0,1.0,Semiurban,Y,6486.0,5.209486152841421,0.5055554151234959,0.0009353474960013808
Male,Yes,2,Not Graduate,No,3675,242.0,108.0,360.0,1.0,Semiurban,Y,3917.0,4.6913478822291435,0.29999991666668985,0.0009190701805249072
Female,Yes,1,Graduate,Yes,19484,0.0,600.0,360.0,1.0,Semiurban,Y,19484.0,6.398594934535208,1.6666662037038324,0.0010264829199685117
Male,Yes,0,Graduate,No,5923,2054.0,211.0,360.0,1.0,Rural,Y,7977.0,5.356586274672012,0.5861109483025144,0.0008817011810942404
Male,No,0,Not Graduate,Yes,5800,0.0,132.0,360.0,1.0,Semiurban,Y,5800.0,4.890349128221754,0.3666665648148431,0.000758620321971333
Male,Yes,2,Graduate,No,8799,0.0,258.0,360.0,0.0,Urban,N,8799.0,5.556828061699537,0.716666467592648,0.0009773833888227876
Male,Yes,0,Not Graduate,No,4467,0.0,120.0,360.0,1.0,Rural,Y,4467.0,4.795790545596741,0.3333332407407665,0.0008954550737280299
Male,No,0,Graduate,No,3333,0.0,70.0,360.0,1.0,Urban,Y,3333.0,4.2626798770413155,0.19444439043211378,0.0007000695604866165
Male,Yes,3+,Graduate,No,3400,2500.0,123.0,360.0,0.0,Rural,N,5900.0,4.820281565605037,0.34166657175928566,0.000694914919866699
Female,No,0,Graduate,No,2378,0.0,9.0,360.0,1.0,Urban,N,2378.0,2.302585092994046,0.024999993055557487,0.00012615633527295522
Male,Yes,0,Graduate,No,3166,2064.0,104.0,360.0,0.0,Urban,N,5230.0,4.653960350157523,0.2888888086419976,0.0006628422386794044
Male,Yes,1,Graduate,No,3417,1750.0,186.0,360.0,1.0,Urban,Y,5167.0,5.231108616854587,0.5166665231481881,0.0011999219736543235
Male,Yes,0,Graduate,No,5116,1451.0,165.0,360.0,0.0,Urban,N,6567.0,5.111987788356544,0.45833320601855393,0.0008375205523371379
Male,Yes,2,Graduate,No,16666,0.0,275.0,360.0,1.0,Urban,Y,16666.0,5.62040086571715,0.7638886766975899,0.0005500218084930343
Male,Yes,2,Not Graduate,No,6125,1625.0,187.0,480.0,1.0,Semiurban,N,7750.0,5.236441962829949,0.3895832521701558,0.0006032255873769245
Male,Yes,3+,Graduate,No,6406,0.0,150.0,360.0,1.0,Semiurban,N,6406.0,5.017279836814924,0.4166665509259581,0.0007805179011067774
Male,Yes,2,Graduate,No,3159,461.0,108.0,84.0,1.0,Urban,Y,3620.0,4.6913478822291435,1.285712755103863,0.004262029819560932
Male,Yes,0,Graduate,No,3087,2210.0,136.0,360.0,0.0,Semiurban,N,5297.0,4.919980925828125,0.37777767283953534,0.0008558299126068584
Male,No,0,Graduate,No,3229,2739.0,110.0,360.0,1.0,Urban,Y,5968.0,4.709530201312334,0.30555547067903593,0.0006143875520917174
Male,Yes,1,Graduate,No,1782,2232.0,107.0,360.0,1.0,Rural,Y,4014.0,4.68213122712422,0.2972221396605168,0.0008885562056947571
Male,No,0,Graduate,No,3182,2917.0,161.0,360.0,1.0,Urban,Y,6099.0,5.087596335232384,0.4472220979938617,0.0008799252533228458
Male,Yes,2,Graduate,No,6540,0.0,205.0,360.0,1.0,Semiurban,Y,6540.0,5.327876168789581,0.569444286265476,0.0010448517096886332
Male,No,0,Graduate,No,1836,33837.0,90.0,360.0,1.0,Urban,N,35673.0,4.51085950651685,0.24999993055557487,8.409719019287052e-05
Female,Yes,0,Graduate,No,3166,0.0,36.0,360.0,1.0,Semiurban,Y,3166.0,3.6109179126442243,0.09999997222222995,0.00037902691466660203
Male,Yes,1,Graduate,No,1880,0.0,61.0,360.0,1.0,Rural,N,1880.0,4.127134385045092,0.16944439737655628,0.001081559292897619
Male,Yes,1,Graduate,No,2787,1917.0,146.0,360.0,0.0,Rural,N,4704.0,4.990432586778736,0.4055554429012659,0.0010345799475593653
Male,Yes,1,Graduate,No,4283,3000.0,172.0,84.0,1.0,Rural,N,7283.0,5.153291594497779,2.047616609980226,0.0033738013553756816
Male,Yes,0,Graduate,No,2297,1522.0,104.0,360.0,1.0,Urban,Y,3819.0,4.653960350157523,0.2888888086419976,0.0009077414544158749
Female,No,0,Not Graduate,No,2165,0.0,70.0,360.0,1.0,Semiurban,Y,2165.0,4.2626798770413155,0.19444439043211378,0.0010777512202697003
Male,No,0,Graduate,No,4750,0.0,94.0,360.0,1.0,Semiurban,Y,4750.0,4.553876891600541,0.2611110385802671,0.0006596487729230901
Male,Yes,2,Graduate,Yes,2726,0.0,106.0,360.0,0.0,Semiurban,N,2726.0,4.672828834461906,0.2944443626543437,0.0012961594998021735
Male,Yes,0,Graduate,No,3000,3416.0,56.0,180.0,1.0,Semiurban,Y,6416.0,4.04305126783455,0.31111093827170094,0.0005818782046456618
Male,Yes,2,Graduate,Yes,6000,0.0,205.0,240.0,1.0,Semiurban,N,6000.0,5.327876168789581,0.8541663107640372,0.0017083322798616184
Male,No,3+,Graduate,Yes,9357,0.0,292.0,360.0,1.0,Semiurban,Y,9357.0,5.680172609017068,0.8111108858025318,0.0010402190211999099
Male,Yes,0,Graduate,No,3859,3300.0,142.0,180.0,1.0,Rural,Y,7159.0,4.962844630259907,0.7888884506175274,0.0013223438777200274
Male,Yes,0,Graduate,Yes,16120,0.0,260.0,360.0,1.0,Urban,Y,16120.0,5.564520407322694,0.722222021604994,0.0005376342192369023
Male,No,0,Not Graduate,No,3833,0.0,110.0,360.0,1.0,Rural,Y,3833.0,4.709530201312334,0.30555547067903593,0.000956604356958832
Male,Yes,2,Not Graduate,Yes,6383,1000.0,187.0,360.0,1.0,Rural,N,7383.0,5.236441962829949,0.519444300154361,0.0008442815371413366
Male,No,0,Graduate,No,2987,0.0,88.0,360.0,0.0,Semiurban,N,2987.0,4.48863636973214,0.24444437654322876,0.0009820325879074789
Male,Yes,0,Graduate,Yes,9963,0.0,180.0,360.0,1.0,Rural,Y,9963.0,5.198497031265826,0.49999986111114975,0.0006022280046833476
Male,Yes,2,Graduate,No,5780,0.0,192.0,360.0,1.0,Urban,Y,5780.0,5.262690188904886,0.5333331851852263,0.001107265898530041
Female,No,3+,Graduate,No,416,41667.0,350.0,180.0,1.0,Urban,N,42083.0,5.860786223465865,1.944443364198131,0.0005544595134621143
Male,Yes,0,Not Graduate,No,2894,2792.0,155.0,360.0,1.0,Rural,Y,5686.0,5.049856007249537,0.4305554359568234,0.0009086641120444859
Male,Yes,3+,Graduate,No,5703,0.0,128.0,360.0,1.0,Urban,Y,5703.0,4.859812404361672,0.35555545679015094,0.0007481438863245919
Male,No,0,Graduate,No,3676,4301.0,172.0,360.0,1.0,Rural,Y,7977.0,5.153291594497779,0.4777776450617653,0.0007187327163422244
Female,Yes,1,Graduate,No,12000,0.0,496.0,360.0,1.0,Semiurban,Y,12000.0,6.208590026096629,1.3777773950618348,0.0013777772572841091
Male,Yes,0,Not Graduate,No,2400,3800.0,128.0,180.0,1.0,Urban,N,6200.0,4.859812404361672,0.7111107160496022,0.0013763430549973486
Male,Yes,1,Graduate,No,3400,2500.0,173.0,360.0,1.0,Semiurban,Y,5900.0,5.159055299214529,0.48055542206793833,0.00097740065964991
Male,Yes,2,Not Graduate,No,3987,1411.0,157.0,360.0,1.0,Rural,Y,5398.0,5.062595033026967,0.43611098996916947,0.0009694943898178523
Male,Yes,0,Graduate,No,3232,1950.0,108.0,360.0,1.0,Rural,Y,5182.0,4.6913478822291435,0.29999991666668985,0.0006947121123785688
Female,No,0,Graduate,No,2900,0.0,71.0,360.0,1.0,Rural,Y,2900.0,4.276666119016055,0.19722216743828683,0.0008160913896378532
Male,Yes,3+,Graduate,No,4106,0.0,40.0,180.0,1.0,Rural,Y,4106.0,3.713572066704308,0.22222209876550067,0.0006494555299170414
Male,Yes,1,Graduate,No,8072,240.0,253.0,360.0,1.0,Urban,Y,8312.0,5.537334267018537,0.7027775825617827,0.0010145969409558547
Male,Yes,2,Graduate,No,7583,0.0,187.0,360.0,1.0,Urban,Y,7583.0,5.236441962829949,0.519444300154361,0.0008220137960485004
Female,No,0,Graduate,Yes,4583,0.0,133.0,360.0,0.0,Semiurban,N,4583.0,4.897839799950911,0.3694443418210162,0.000967342557504064
